_source_file,fold_id,bars_total,bars_train,bars_embargo,bars_val,val_start,val_end,total_return,sharpe_ratio,sortino_ratio,calmar_ratio,max_drawdown,win_rate,total_trades,profit_factor,expectancy,avg_hold_hours,ulcer_index,omega_0,omega_fees,chart,symbol,timeframe,trial_id,method,trial_uid,adx_dead_threshold,adx_floor,adx_period,adx_threshold,atr_len,atr_pct_cap,atr_pct_floor,base_fast_len,base_slow_len,be_buffer,catastrophic_stop_atr_mult,chandelier_atr_multiplier,chandelier_atr_period,cooldown_bars,dead_bars,dma_atr_len,dma_buffer_mult,trail_dma_buffer,fast_max_len,fast_min_len,slow_max_len,slow_min_len,session_start,session_end,friday_cutoff_bars,init_atr_mult,lower_inner_mult,lower_outer_mult,upper_inner_mult,upper_outer_mult,max_consec_losses,max_equity_heat_pct,max_holding_period,min_addon_distance_ATR,partial_pct,ranging_trigger_window,momentum_len,momentum_lookback,slope_len,slope_lookback,rsi_len,rsi_oversold,stoch_d,stoch_k,stoch_smooth,volatility_atr_long,volatility_atr_short,start_capital,end_capital,long_trades,long_win_rate,long_expectancy,robust_score
interactive_sobol_256_20260110_155945.json,,,,,,,,6.037522738959582,1.0137971000420891,1.6137122737845857,0.013961115813467548,3.4229035939370287,22.857142857142858,35,2.0629470262825405,86.25032484227994,,0.026497418194711377,1.342022962542928,0.03419744921852097,USDJPY_30m_cl_1.csv,USDJPY,30m,5667,sobol,20260110_155945:5667,16,15,14,18,10,0.015,0.0006,14,55,0.2,2.2,2.6,18,9,2,14,0.8,0.75,30,5,100,30,07:00,22:00,4,1.6,1.1,1.9,1.1,2.3,4,1.0,48,1.2,0.5,3,14,14,10,2,14,32,3,12,2,70,5,50000.0,53018.76136947979,35.0,22.857142857142858,0.001747609230445784,
interactive_sobol_256_20260110_155945.json,,,,,,,,3.6889474891598946,0.8031475263821864,1.3062233568587036,0.01180152027985906,2.47984963352528,40.0,35,1.8555600425868157,52.699249845141736,,0.012652241208936413,1.256702921667244,0.025045514638399442,USDJPY_30m_cl_1.csv,USDJPY,30m,5787,sobol,20260110_155945:5787,12,15,8,18,10,0.015,0.0006,14,55,0.2,3.0,2.0,18,9,4,14,0.8,0.75,30,5,100,30,08:00,22:00,2,1.0,1.1,1.9,1.1,2.3,3,0.8,144,0.9,0.25,3,14,14,10,2,14,32,3,12,2,70,7,50000.0,51844.47374457995,35.0,40.0,0.0010618366867853402,
interactive_sobol_256_20260110_155945.json,,,,,,,,4.955403770995967,0.7874856839973269,1.3530146181312395,0.010611889846343705,2.4725885157858953,34.285714285714285,35,2.248227019119073,70.7914824427997,,0.02425224585174777,1.351770333763829,0.01831564253578461,USDJPY_30m_cl_2.csv,USDJPY,30m,7345,sobol,20260110_155945:7345,16,15,10,22,10,0.015,0.0006,10,40,0.2,2.2,2.6,18,9,4,14,0.8,0.75,30,5,100,30,09:00,20:00,6,1.2,1.1,1.9,1.1,2.3,3,0.8,96,1.5,0.33,4,14,14,10,2,14,32,3,12,2,90,3,50000.0,52477.70188549798,35.0,34.285714285714285,0.0014187735609143108,
interactive_sobol_256_20260110_155945.json,,,,,,,,3.695772516292927,0.6843434920247241,1.209457102398618,0.010185769458205308,2.87852017654991,30.76923076923077,39,1.7529771571775212,47.381698926832826,,0.0242607149263309,1.2529757299916946,0.027194378424801678,USDJPY_30m_cl_1.csv,USDJPY,30m,5764,sobol,20260110_155945:5764,16,15,10,26,10,0.015,0.0006,6,34,0.2,2.6,2.6,18,9,4,14,1.0,0.75,30,5,100,30,08:00,21:00,4,1.0,1.1,2.5,1.1,2.3,4,1.0,48,0.9,0.25,3,14,14,10,2,14,32,3,12,2,90,6,50000.0,51847.886258146464,39.0,30.76923076923077,0.0009569813010464416,
interactive_sobol_256_20260110_155945.json,,,,,,,,4.421806119608271,0.7920376089584011,1.3121436378105185,0.00945278977867809,2.479849633525268,41.17647058823529,34,2.2163112339040785,65.026560582475,,0.012691936901438142,1.3209565328635549,0.01696014539383072,USDJPY_30m_cl_2.csv,USDJPY,30m,7323,sobol,20260110_155945:7323,12,15,8,18,10,0.015,0.0006,14,55,0.2,3.0,2.0,18,9,4,14,0.8,0.75,30,5,100,30,08:00,22:00,2,1.0,1.1,1.9,1.1,2.3,3,0.8,144,0.9,0.25,3,14,14,10,2,14,32,3,12,2,70,7,50000.0,52210.903059804135,34.0,41.17647058823529,0.0012995895864033632,
interactive_sobol_256_20260110_155945.json,,,,,,,,3.489228007610378,0.7094729770920157,1.208307838259142,0.009416049555820927,2.9404082394993116,15.625,32,1.8832086582394714,54.51918761891277,,0.028453361763337643,1.2926612735608278,0.023197490681336353,USDJPY_30m_cl_1.csv,USDJPY,30m,5814,sobol,20260110_155945:5814,12,15,14,26,10,0.015,0.0006,12,34,0.2,3.0,2.3,18,17,6,14,0.8,0.75,30,5,100,30,07:00,21:00,2,1.6,1.1,1.9,1.1,2.3,4,0.8,48,1.2,0.25,2,14,14,10,2,14,32,3,12,2,28,5,50000.0,51744.61400380519,32.0,15.625,0.0011094044083237629,
interactive_sobol_256_20260110_155945.json,,,,,,,,2.965201992292612,0.5880367487762518,0.979512481873889,0.008178218555321158,2.878520176549931,30.555555555555557,36,1.6180510250726325,41.18336100406461,,0.025750429852475946,1.2045484125977455,0.02529994081813827,USDJPY_30m_cl_1.csv,USDJPY,30m,5809,sobol,20260110_155945:5809,16,15,10,22,10,0.015,0.0006,10,40,0.2,2.2,2.6,18,9,4,14,0.8,0.75,30,5,100,30,09:00,20:00,6,1.2,1.1,1.9,1.1,2.3,3,0.8,96,1.5,0.33,4,14,14,10,2,14,32,3,12,2,90,3,50000.0,51482.600996146306,36.0,30.555555555555557,0.0008466075482109046,
interactive_sobol_256_20260110_155945.json,,,,,,,,3.3343835706757674,0.6543797132220379,1.0954138415516597,0.008105263464004437,3.264843275414822,26.47058823529412,34,1.7290502956519338,49.03505250993773,,0.03174049410716621,1.2349036680711467,0.026049828502134355,USDJPY_30m_cl_1.csv,USDJPY,30m,5779,sobol,20260110_155945:5779,20,15,14,26,16,0.015,0.0006,14,40,0.2,3.0,2.3,18,9,2,14,1.2,0.75,30,5,100,30,09:00,20:00,4,1.2,1.1,2.2,1.1,2.3,4,1.2,144,1.2,0.5,3,14,14,10,2,14,32,3,12,2,28,6,50000.0,51667.19178533788,34.0,26.47058823529412,0.0010011798251824595,
interactive_sobol_256_20260110_155945.json,,,,,,,,4.2827075405551875,0.6891121286979929,1.1699557303459651,0.007889885527277558,2.8785201765499364,31.57894736842105,38,2.0133050417544167,56.351415007305036,,0.022375703931242257,1.3096484920215044,0.017667697846858926,USDJPY_30m_cl_2.csv,USDJPY,30m,7300,sobol,20260110_155945:7300,16,15,10,26,10,0.015,0.0006,6,34,0.2,2.6,2.6,18,9,4,14,1.0,0.75,30,5,100,30,08:00,21:00,4,1.0,1.1,2.5,1.1,2.3,4,1.0,48,0.9,0.25,3,14,14,10,2,14,32,3,12,2,90,6,50000.0,52141.353770277594,38.0,31.57894736842105,0.00113640590522888,
interactive_sobol_256_20260110_155945.json,,,,,,,,2.6952649020798707,0.4987774082222518,0.8235832147303969,0.007375502986296476,2.902021394271083,28.947368421052634,38,1.576623152449909,35.46401186947237,,0.02819570004369942,1.1663723952857,0.02815668962353009,USDJPY_30m_cl_1.csv,USDJPY,30m,5874,sobol,20260110_155945:5874,20,15,8,18,7,0.015,0.0006,10,34,0.2,2.2,2.3,18,9,2,14,0.8,0.75,30,5,100,30,07:00,21:00,2,1.4,1.1,1.9,1.1,2.6,3,1.2,48,0.9,0.5,3,14,14,10,2,14,32,3,12,2,90,4,50000.0,51347.632451039935,38.0,28.947368421052634,0.0007322961823195352,
interactive_sobol_256_20260110_155945.json,,,,,,,,2.9917436698552335,0.6107015465517762,1.0315433454852128,0.007186184881469517,3.3051273688931024,18.181818181818183,33,1.750921005680167,45.32944954326179,,0.032049505053433985,1.243702719598011,0.02301355458167455,USDJPY_30m_cl_1.csv,USDJPY,30m,5873,sobol,20260110_155945:5873,12,15,14,26,16,0.015,0.0006,10,55,0.2,2.6,2.6,18,17,6,14,1.2,0.75,30,5,100,30,08:00,21:00,6,1.0,1.1,2.5,1.1,2.0,5,0.8,144,1.5,0.33,4,14,14,10,2,14,32,3,12,2,40,5,50000.0,51495.87183492762,33.0,18.181818181818183,0.0009291293931328449,
interactive_sobol_256_20260110_155945.json,,,,,,,,3.0176608481200526,0.5610364201187302,0.8737809866647209,0.0071372679428940424,3.356521276533469,21.62162162162162,37,1.5203121374365514,40.77920065027101,,0.0318066274988477,1.2037460821574708,0.026379180317772942,USDJPY_30m_cl_1.csv,USDJPY,30m,5751,sobol,20260110_155945:5751,12,15,14,18,10,0.015,0.0006,12,40,0.2,2.2,2.6,18,9,4,14,0.8,0.75,30,5,100,30,08:00,21:00,2,1.2,1.1,2.5,1.1,2.6,5,1.0,48,1.2,0.25,2,14,14,10,2,14,32,3,12,2,28,4,50000.0,51508.83042406003,37.0,21.62162162162162,0.0008429867108955908,
interactive_sobol_256_20260110_155945.json,,,,,,,,2.9680051946755706,0.5511999190933471,0.8415799964047638,0.006779991800708376,3.475425476880848,25.71428571428571,35,1.5423044484029824,42.40007420965122,,0.03241432047591118,1.1897947635302708,0.026974038834870064,USDJPY_30m_cl_1.csv,USDJPY,30m,5886,sobol,20260110_155945:5886,20,15,14,22,10,0.015,0.0006,14,40,0.2,2.2,2.3,18,9,4,14,1.0,0.75,30,5,100,30,08:00,20:00,2,1.6,1.1,2.2,1.1,2.0,5,1.2,96,1.5,0.25,2,14,14,10,2,14,32,3,12,2,28,5,50000.0,51484.002597337785,35.0,25.71428571428571,0.0008766208443642767,
interactive_sobol_256_20260110_155945.json,,,,,,,,2.6171725775416705,0.5128469120238583,0.8973738260311125,0.00671703665515665,3.094420675895511,26.31578947368421,38,1.5968054010139991,34.43648128344248,,0.029433148846858843,1.1972372291720665,0.02419847787105007,USDJPY_30m_cl_1.csv,USDJPY,30m,5848,sobol,20260110_155945:5848,20,15,14,26,10,0.015,0.0006,8,28,0.2,3.0,2.6,18,9,2,14,1.0,0.75,30,5,100,30,08:00,22:00,6,1.4,1.1,1.9,1.1,2.6,5,1.0,48,0.9,0.5,2,14,14,10,2,14,32,3,12,2,40,5,50000.0,51308.586288770835,38.0,26.31578947368421,0.0006931498461494362,
interactive_sobol_256_20260110_155945.json,,,,,,,,3.340394413505099,0.6065237952998429,1.0228876455182203,0.0064080413594842164,4.136983240180285,37.83783783783784,37,1.5712644888645548,45.140465047365936,,0.027701900225278707,1.2125849917538238,0.02776548948890593,USDJPY_30m_cl_1.csv,USDJPY,30m,5692,sobol,20260110_155945:5692,20,15,10,26,10,0.015,0.0006,6,40,0.2,2.6,2.3,18,9,6,14,0.8,0.75,30,5,100,30,08:00,22:00,6,1.6,1.1,2.5,1.1,2.3,3,1.2,144,0.9,0.5,4,14,14,10,2,14,32,3,12,2,70,7,50000.0,51670.19720675255,37.0,37.83783783783784,0.0009221041135402787,
interactive_sobol_256_20260110_155945.json,,,,,,,,2.6939864204014596,0.504049409093935,0.782675731160505,0.005968103932451004,3.5846798678120435,23.52941176470588,34,1.4404897977401436,39.61744735884501,,0.034742535316519954,1.185219667184315,0.02588793210784989,USDJPY_30m_cl_1.csv,USDJPY,30m,5802,sobol,20260110_155945:5802,20,15,14,18,10,0.015,0.0006,12,28,0.2,2.6,2.3,18,9,4,14,1.0,0.75,30,5,100,30,08:00,21:00,2,1.2,1.1,2.5,1.1,2.3,4,1.2,96,1.5,0.5,3,14,14,10,2,14,32,3,12,2,70,4,50000.0,51346.99321020073,34.0,23.52941176470588,0.0008248878772560832,
interactive_sobol_256_20260110_155945.json,,,,,,,,2.298972934660327,0.4290050779360596,0.6591717006032443,0.005441361033066502,3.356521276533441,30.76923076923077,39,1.3399575437934512,29.474011982824678,,0.03194314199697164,1.140016713598604,0.026998235431840215,USDJPY_30m_cl_1.csv,USDJPY,30m,5713,sobol,20260110_155945:5713,16,15,8,22,14,0.015,0.0006,10,48,0.2,2.6,2.3,18,9,2,14,1.0,0.75,30,5,100,30,07:00,22:00,4,1.2,1.1,2.2,1.1,2.3,4,0.8,48,0.9,0.25,3,14,14,10,2,14,32,3,12,2,70,4,50000.0,51149.48646733016,39.0,30.76923076923077,0.0006210368202409759,
interactive_sobol_256_20260110_155945.json,,,,,,,,3.0220074240307295,0.4583054120643069,0.7114476893395869,0.004788127489873161,3.356521276533469,31.57894736842105,38,1.4951236817546727,39.76325557935158,,0.03223362325941274,1.188795026388425,0.018308423884496314,USDJPY_30m_cl_2.csv,USDJPY,30m,7249,sobol,20260110_155945:7249,16,15,8,22,14,0.015,0.0006,10,48,0.2,2.6,2.3,18,9,2,14,1.0,0.75,30,5,100,30,07:00,22:00,4,1.2,1.1,2.2,1.1,2.3,4,0.8,48,0.9,0.25,3,14,14,10,2,14,32,3,12,2,70,4,50000.0,51511.003712015365,38.0,31.57894736842105,0.0008221631023585857,
interactive_sobol_256_20260110_155945.json,,,,,,,,2.262806048431812,0.421290598691004,0.6941075249147056,0.004776498780258828,3.7637129657728448,23.076923076923077,39,1.3998833603036962,29.010333954253554,,0.03650533093411531,1.1311734701050125,0.028854165001970355,USDJPY_30m_cl_1.csv,USDJPY,30m,5696,sobol,20260110_155945:5696,12,15,8,18,14,0.015,0.0006,10,28,0.2,2.2,2.3,18,9,4,14,1.2,0.75,30,5,100,30,08:00,22:00,4,1.6,1.1,2.2,1.1,2.6,5,1.0,48,1.5,0.5,4,14,14,10,2,14,32,3,12,2,55,5,50000.0,51131.403024215906,39.0,23.076923076923077,0.0006062474954687987,
interactive_sobol_256_20260110_155945.json,,,,,,,,2.1985483537688997,0.4281947326895398,0.6642438410448238,0.004722265109353172,3.6990694048246584,29.411764705882355,34,1.372596792193706,32.33159343777814,,0.032845769011208704,1.1498379608462193,0.02496340346558942,USDJPY_30m_cl_1.csv,USDJPY,30m,5868,sobol,20260110_155945:5868,16,15,10,22,20,0.015,0.0006,8,28,0.2,3.0,2.3,18,13,6,14,1.0,0.75,30,5,100,30,09:00,22:00,2,1.6,1.1,1.9,1.1,2.6,5,1.2,96,0.9,0.25,4,14,14,10,2,14,32,3,12,2,90,6,50000.0,51099.27417688445,34.0,29.411764705882355,0.0006811690818843138,
interactive_sobol_256_20260110_155945.json,,,,,,,,2.0131486356816315,0.41345029228506575,0.6816680415745837,0.004510318700984289,3.5469597047619437,15.625,32,1.3940164621850442,31.455447432525375,,0.03427822003430803,1.1472631435031813,0.0236232121407007,USDJPY_30m_cl_1.csv,USDJPY,30m,5754,sobol,20260110_155945:5754,12,15,8,26,16,0.015,0.0006,12,34,0.2,2.6,2.6,18,13,4,14,0.8,0.75,30,5,100,30,07:00,21:00,6,1.2,1.1,1.9,1.1,2.3,4,1.2,144,1.5,0.33,4,14,14,10,2,14,32,3,12,2,55,3,50000.0,51006.574317840816,32.0,15.625,0.0006615747025150991,
interactive_sobol_256_20260110_155945.json,,,,,,,,3.4992631269257104,0.5547545435873186,0.8943356337319375,0.004493476022981207,4.136983240180263,37.142857142857146,35,1.679013114501876,49.989473241796006,,0.02791064573246824,1.2356523751810513,0.017565989879263166,USDJPY_30m_cl_2.csv,USDJPY,30m,7228,sobol,20260110_155945:7228,20,15,10,26,10,0.015,0.0006,6,40,0.2,2.6,2.3,18,9,6,14,0.8,0.75,30,5,100,30,08:00,22:00,6,1.6,1.1,2.5,1.1,2.3,3,1.2,144,0.9,0.5,4,14,14,10,2,14,32,3,12,2,70,7,50000.0,51749.631563462855,35.0,37.142857142857146,0.0010245841908759626,
interactive_sobol_256_20260110_155945.json,,,,,,,,2.0082269550778435,0.3784286284531446,0.5814947585557183,0.004493419125263265,3.5516131348731217,31.57894736842105,38,1.3145819067844533,26.42403888260317,,0.03456398160356214,1.124820513077933,0.026807079413179485,USDJPY_30m_cl_1.csv,USDJPY,30m,5717,sobol,20260110_155945:5717,20,15,8,22,16,0.015,0.0006,8,40,0.2,3.0,2.3,18,9,2,14,1.0,0.75,30,5,100,30,07:00,22:00,6,1.2,1.1,1.9,1.1,2.6,5,1.2,96,1.2,0.25,2,14,14,10,2,14,32,3,12,2,90,6,50000.0,51004.11347753892,38.0,31.57894736842105,0.0005613016951370752,
interactive_sobol_256_20260110_155945.json,,,,,,,,2.9855849154300667,0.45153630002381057,0.7535673273935871,0.004218989559507093,3.7637129657729087,23.684210526315788,38,1.5980889804666996,39.28401204513274,,0.03690119794232593,1.1770846391332288,0.01957941150937832,USDJPY_30m_cl_2.csv,USDJPY,30m,7232,sobol,20260110_155945:7232,12,15,8,18,14,0.015,0.0006,10,28,0.2,2.2,2.3,18,9,4,14,1.2,0.75,30,5,100,30,08:00,22:00,4,1.6,1.1,2.2,1.1,2.6,5,1.0,48,1.5,0.5,4,14,14,10,2,14,32,3,12,2,55,5,50000.0,51492.79245771503,38.0,23.684210526315788,0.0008069845848292278,
interactive_sobol_256_20260110_155945.json,,,,,,,,2.7341629598427097,0.45685488656770107,0.7652914168269721,0.004102154130683124,3.5469597047620467,16.129032258064516,31,1.615992960856342,44.099402578108695,,0.03469298956126616,1.2068526066467646,0.016004686091779314,USDJPY_30m_cl_2.csv,USDJPY,30m,7290,sobol,20260110_155945:7290,12,15,8,26,16,0.015,0.0006,12,34,0.2,2.6,2.6,18,13,4,14,0.8,0.75,30,5,100,30,07:00,21:00,6,1.2,1.1,1.9,1.1,2.3,4,1.2,144,1.5,0.33,4,14,14,10,2,14,32,3,12,2,55,3,50000.0,51367.081479921355,31.0,16.129032258064516,0.000909424270345507,
interactive_sobol_256_20260110_155945.json,,,,,,,,2.7292064935054516,0.4166392444915738,0.6468216923644358,0.0040893988969340715,3.551613134873071,32.432432432432435,37,1.4769563247721695,36.88116883115461,,0.03489869846227948,1.1735364510049795,0.01818068789815713,USDJPY_30m_cl_2.csv,USDJPY,30m,7253,sobol,20260110_155945:7253,20,15,8,22,16,0.015,0.0006,8,40,0.2,3.0,2.3,18,9,2,14,1.0,0.75,30,5,100,30,07:00,22:00,6,1.2,1.1,1.9,1.1,2.6,5,1.2,96,1.2,0.25,2,14,14,10,2,14,32,3,12,2,90,6,50000.0,51364.603246752726,37.0,32.432432432432435,0.0007662493598766878,
interactive_sobol_256_20260110_155945.json,,,,,,,,2.68532265997387,0.4408377937943978,0.7400571394650364,0.0039779001117112535,3.5928139296426456,25.64102564102564,39,1.514104347470826,34.427213589408,,0.03522028281641626,1.1852973053084144,0.0170829366961668,USDJPY_30m_cl_2.csv,USDJPY,30m,7272,sobol,20260110_155945:7272,16,15,10,18,16,0.015,0.0006,8,34,0.2,2.2,2.6,18,9,2,14,1.0,0.75,30,5,100,30,09:00,20:00,6,1.0,1.1,2.2,1.1,2.6,5,0.8,144,0.9,0.5,2,14,14,10,2,14,32,3,12,2,90,5,50000.0,51342.661329986935,39.0,25.64102564102564,0.0007114516899802425,
interactive_sobol_256_20260110_155945.json,,,,,,,,2.679044386896334,0.4192285147186416,0.6412496696654307,0.0037106114126360347,3.8426671215647787,35.483870967741936,31,1.537356058105509,43.21039333703726,,0.03545870004109903,1.1754927065994627,0.01725449787507948,USDJPY_30m_cl_2.csv,USDJPY,30m,7187,sobol,20260110_155945:7187,20,15,8,22,20,0.015,0.0006,14,55,0.2,2.2,2.3,18,13,2,14,1.0,0.75,30,5,100,30,07:00,21:00,6,1.6,1.1,2.2,1.1,2.3,5,0.8,48,1.2,0.5,2,14,14,10,2,14,32,3,12,2,90,6,50000.0,51339.52219344817,31.0,35.483870967741936,0.0008970685441753259,
interactive_sobol_256_20260110_155945.json,,,,,,,,2.3635912307294493,0.36526401708158346,0.5662057412740813,0.0032321351898728728,3.894874837281347,28.947368421052634,38,1.4051575611019034,31.09988461486141,,0.03831193443358375,1.1583217453349963,0.017574465897207885,USDJPY_30m_cl_2.csv,USDJPY,30m,7177,sobol,20260110_155945:7177,12,15,10,22,10,0.015,0.0006,8,48,0.2,3.0,2.3,18,9,4,14,0.8,0.75,30,5,100,30,08:00,20:00,6,1.4,1.1,1.9,1.1,2.6,4,0.8,96,1.2,0.25,3,14,14,10,2,14,32,3,12,2,90,5,50000.0,51181.795615364725,38.0,28.947368421052634,0.0006525737640009168,
interactive_sobol_256_20260110_155945.json,,,,,,,,2.298779885944532,0.3601445240831322,0.5672871572265885,0.0029883737109175973,4.0976738844776355,27.906976744186046,43,1.2998576867446938,26.72999867377338,,0.038978110328043214,1.131007305196771,0.019158047793779123,USDJPY_30m_cl_2.csv,USDJPY,30m,7302,sobol,20260110_155945:7302,20,15,10,22,16,0.015,0.0006,14,40,0.2,2.6,2.6,18,5,6,14,1.0,0.75,30,5,100,30,07:00,20:00,4,1.6,1.1,2.2,1.1,2.0,5,1.0,48,0.9,0.25,3,14,14,10,2,14,32,3,12,2,40,4,50000.0,51149.389942972266,43.0,27.906976744186046,0.0005659634442213499,
interactive_sobol_256_20260110_155945.json,,,,,,,,2.234526114259628,0.3467441345312597,0.5379268337644136,0.002964319969644122,4.016048967881345,26.31578947368421,38,1.3692224345872264,29.401659398153114,,0.039523294337981504,1.1520491609980006,0.017468530140640225,USDJPY_30m_cl_2.csv,USDJPY,30m,7327,sobol,20260110_155945:7327,20,15,8,26,20,0.015,0.0006,10,48,0.2,3.0,2.6,18,9,4,14,1.0,0.75,30,5,100,30,08:00,21:00,2,1.0,1.1,2.5,1.1,2.6,5,1.2,48,1.5,0.33,4,14,14,10,2,14,32,3,12,2,90,4,50000.0,51117.263057129814,38.0,26.31578947368421,0.0006194863006508559,
interactive_sobol_256_20260110_155945.json,,,,,,,,2.2227526432994784,0.37500469335450826,0.6260159415751722,0.0029406867566018776,4.0271026138761155,14.705882352941178,34,1.4512742703405659,32.687538872050936,,0.03940221679292987,1.1659194567787023,0.015852592012287503,USDJPY_30m_cl_2.csv,USDJPY,30m,7314,sobol,20260110_155945:7314,16,15,10,18,14,0.015,0.0006,10,40,0.2,2.2,2.6,18,13,2,14,1.2,0.75,30,5,100,30,07:00,21:00,4,1.0,1.1,2.2,1.1,2.6,5,0.8,96,0.9,0.33,2,14,14,10,2,14,32,3,12,2,40,3,50000.0,51111.37632164974,34.0,14.705882352941178,0.0006827542129442097,
interactive_sobol_256_20260110_155945.json,,,,,,,,2.219020258488643,0.3480482595128486,0.5325933162002923,0.002911758195374849,4.060317456862939,22.5,40,1.3352253245533996,27.737753231107945,,0.03946103911958803,1.1369722199344001,0.017786815113425936,USDJPY_30m_cl_2.csv,USDJPY,30m,7331,sobol,20260110_155945:7331,16,15,10,22,14,0.015,0.0006,14,48,0.2,3.0,2.6,18,13,2,14,1.0,0.75,30,5,100,30,09:00,21:00,4,1.2,1.1,2.5,1.1,2.3,5,1.2,144,1.2,0.5,2,14,14,10,2,14,32,3,12,2,40,6,50000.0,51109.51012924432,40.0,22.5,0.0005864048110444206,
