datetime,Open,High,Low,Close
2025-03-03 00:00:00,2857.88,2876.88,2857.88,2870.85
2025-03-03 04:00:00,2870.85,2871.95,2859.3,2863.83
2025-03-03 08:00:00,2863.72,2871.43,2858.83,2867.45
2025-03-03 12:00:00,2867.46,2877.65,2867.24,2872.63
2025-03-03 16:00:00,2872.63,2893.09,2871.29,2890.82
2025-03-03 20:00:00,2890.8,2895.29,2878.41,2892.99
2025-03-04 00:00:00,2892.44,2893.82,2881.99,2888.34
2025-03-04 04:00:00,2888.29,2894.45,2884.71,2889.7
2025-03-04 08:00:00,2889.68,2921.35,2884.29,2918.09
2025-03-04 12:00:00,2917.98,2927.76,2912.07,2922.59
2025-03-04 16:00:00,2922.73,2923.12,2900.34,2911.63
2025-03-04 20:00:00,2911.57,2920.52,2908.32,2917.7
2025-03-05 00:00:00,2918.13,2918.27,2903.59,2907.15
2025-03-05 04:00:00,2907.22,2918.74,2902.16,2918.74
2025-03-05 08:00:00,2918.66,2922.53,2913.08,2918.81
2025-03-05 12:00:00,2918.76,2919.27,2894.3,2899.92
2025-03-05 16:00:00,2899.64,2930.06,2897.67,2916.07
2025-03-05 20:00:00,2916.05,2923.06,2911.23,2919.13
2025-03-06 00:00:00,2919.67,2925.63,2915.98,2924.62
2025-03-06 04:00:00,2924.82,2926.52,2914.53,2919.77
2025-03-06 08:00:00,2919.81,2923.06,2891.12,2894.17
2025-03-06 12:00:00,2894.19,2909.43,2891.93,2904.48
2025-03-06 16:00:00,2904.38,2922.67,2903.45,2915.34
2025-03-06 20:00:00,2915.59,2920.59,2908.31,2910.74
2025-03-07 00:00:00,2911.04,2913.57,2894.8,2906.71
2025-03-07 04:00:00,2906.71,2912.58,2901.2,2909.53
2025-03-07 08:00:00,2909.41,2923.02,2907.73,2921.59
2025-03-07 12:00:00,2921.57,2926.37,2910.37,2913.87
2025-03-07 16:00:00,2913.7,2930.33,2903.5,2908.22
2025-03-07 20:00:00,2907.74,2912.41,2902.0,2911.94
2025-03-08 00:00:00,2907.74,2912.41,2902.0,2911.94
2025-03-08 04:00:00,2907.74,2912.41,2902.0,2911.94
2025-03-08 08:00:00,2907.74,2912.41,2902.0,2911.94
2025-03-08 12:00:00,2907.74,2912.41,2902.0,2911.94
2025-03-08 16:00:00,2907.74,2912.41,2902.0,2911.94
2025-03-08 20:00:00,2907.74,2912.41,2902.0,2911.94
2025-03-09 00:00:00,2907.74,2912.41,2902.0,2911.94
2025-03-09 04:00:00,2907.74,2912.41,2902.0,2911.94
2025-03-09 08:00:00,2907.74,2912.41,2902.0,2911.94
2025-03-09 12:00:00,2907.74,2912.41,2902.0,2911.94
2025-03-09 16:00:00,2907.74,2912.41,2902.0,2911.94
2025-03-09 20:00:00,2907.74,2912.41,2902.0,2911.94
2025-03-10 00:00:00,2912.72,2918.22,2909.77,2912.16
2025-03-10 04:00:00,2912.18,2914.52,2906.97,2909.89
2025-03-10 08:00:00,2909.92,2915.37,2896.81,2911.23
2025-03-10 12:00:00,2911.19,2911.26,2895.7,2903.77
2025-03-10 16:00:00,2903.4,2910.52,2882.71,2886.07
2025-03-10 20:00:00,2886.06,2890.93,2880.28,2889.24
2025-03-11 00:00:00,2888.27,2890.97,2880.26,2890.65
2025-03-11 04:00:00,2890.63,2900.49,2889.93,2895.69
2025-03-11 08:00:00,2895.93,2912.35,2893.5,2911.75
2025-03-11 12:00:00,2911.77,2922.03,2906.95,2917.53
2025-03-11 16:00:00,2916.58,2920.92,2911.97,2917.8
2025-03-11 20:00:00,2917.76,2921.34,2915.15,2915.5
2025-03-12 00:00:00,2915.81,2919.58,2910.88,2914.92
2025-03-12 04:00:00,2914.75,2919.84,2912.05,2916.03
2025-03-12 08:00:00,2916.11,2925.47,2909.02,2914.82
2025-03-12 12:00:00,2914.48,2923.12,2905.97,2915.61
2025-03-12 16:00:00,2915.61,2940.63,2914.27,2936.05
2025-03-12 20:00:00,2935.99,2937.45,2930.7,2933.31
2025-03-13 00:00:00,2934.46,2941.55,2933.51,2937.89
2025-03-13 04:00:00,2937.89,2947.13,2937.54,2940.03
2025-03-13 08:00:00,2940.03,2948.83,2932.99,2947.77
2025-03-13 12:00:00,2947.79,2952.35,2939.27,2950.35
2025-03-13 16:00:00,2950.32,2985.25,2949.73,2979.49
2025-03-13 20:00:00,2979.26,2989.1,2979.12,2988.8
2025-03-14 00:00:00,2989.38,2990.2,2981.69,2987.88
2025-03-14 04:00:00,2987.92,2993.91,2981.91,2986.29
2025-03-14 08:00:00,2986.29,2999.45,2980.84,2998.81
2025-03-14 12:00:00,2998.81,3004.85,2983.39,2985.35
2025-03-14 16:00:00,2985.97,2993.39,2978.45,2986.56
2025-03-14 20:00:00,2986.68,2988.85,2981.67,2986.24
2025-03-15 00:00:00,2986.68,2988.85,2981.67,2986.24
2025-03-15 04:00:00,2986.68,2988.85,2981.67,2986.24
2025-03-15 08:00:00,2986.68,2988.85,2981.67,2986.24
2025-03-15 12:00:00,2986.68,2988.85,2981.67,2986.24
2025-03-15 16:00:00,2986.68,2988.85,2981.67,2986.24
2025-03-15 20:00:00,2986.68,2988.85,2981.67,2986.24
2025-03-16 00:00:00,2986.68,2988.85,2981.67,2986.24
2025-03-16 04:00:00,2986.68,2988.85,2981.67,2986.24
2025-03-16 08:00:00,2986.68,2988.85,2981.67,2986.24
2025-03-16 12:00:00,2986.68,2988.85,2981.67,2986.24
2025-03-16 16:00:00,2986.68,2988.85,2981.67,2986.24
2025-03-16 20:00:00,2986.68,2988.85,2981.67,2986.24
2025-03-17 00:00:00,2983.84,2994.02,2983.84,2990.8
2025-03-17 04:00:00,2990.73,2991.9,2982.22,2986.04
2025-03-17 08:00:00,2986.09,2996.84,2983.04,2995.67
2025-03-17 12:00:00,2995.66,3001.19,2984.8,2988.35
2025-03-17 16:00:00,2988.21,3000.59,2987.16,2997.76
2025-03-17 20:00:00,2997.76,3001.99,2996.83,3001.02
2025-03-18 00:00:00,3000.79,3008.35,2999.56,3005.64
2025-03-18 04:00:00,3005.64,3017.08,3002.87,3012.03
2025-03-18 08:00:00,3012.06,3028.48,3010.7,3020.21
2025-03-18 12:00:00,3019.92,3038.26,3019.48,3033.23
2025-03-18 16:00:00,3032.72,3036.93,3024.85,3032.57
2025-03-18 20:00:00,3032.63,3037.89,3032.45,3033.76
2025-03-19 00:00:00,3033.98,3035.17,3027.4,3029.41
2025-03-19 04:00:00,3029.36,3045.32,3029.01,3044.5
2025-03-19 08:00:00,3044.51,3044.74,3022.89,3030.35
2025-03-19 12:00:00,3030.38,3041.15,3027.67,3033.26
2025-03-19 16:00:00,3032.98,3038.27,3025.98,3030.56
2025-03-19 20:00:00,3029.6,3051.84,3028.93,3047.16
2025-03-20 00:00:00,3048.35,3056.03,3046.94,3049.68
2025-03-20 04:00:00,3049.59,3057.26,3044.91,3046.71
2025-03-20 08:00:00,3046.85,3051.48,3038.52,3041.49
2025-03-20 12:00:00,3041.49,3042.32,3025.52,3032.52
2025-03-20 16:00:00,3032.27,3042.98,3030.63,3041.73
2025-03-20 20:00:00,3041.73,3046.05,3040.96,3044.47
2025-03-21 00:00:00,3044.36,3047.39,3035.94,3035.94
2025-03-21 04:00:00,3036.2,3036.99,3021.59,3028.01
2025-03-21 08:00:00,3028.02,3034.72,3027.23,3029.67
2025-03-21 12:00:00,3029.59,3038.08,3004.2,3006.66
2025-03-21 16:00:00,3006.68,3018.23,2999.55,3013.68
2025-03-21 20:00:00,3013.7,3024.2,3013.5,3022.94
2025-03-22 00:00:00,3013.7,3024.2,3013.5,3022.94
2025-03-22 04:00:00,3013.7,3024.2,3013.5,3022.94
2025-03-22 08:00:00,3013.7,3024.2,3013.5,3022.94
2025-03-22 12:00:00,3013.7,3024.2,3013.5,3022.94
2025-03-22 16:00:00,3013.7,3024.2,3013.5,3022.94
2025-03-22 20:00:00,3013.7,3024.2,3013.5,3022.94
2025-03-23 00:00:00,3013.7,3024.2,3013.5,3022.94
2025-03-23 04:00:00,3013.7,3024.2,3013.5,3022.94
2025-03-23 08:00:00,3013.7,3024.2,3013.5,3022.94
2025-03-23 12:00:00,3013.7,3024.2,3013.5,3022.94
2025-03-23 16:00:00,3013.7,3024.2,3013.5,3022.94
2025-03-23 20:00:00,3013.7,3024.2,3013.5,3022.94
2025-03-24 00:00:00,3023.36,3026.15,3017.19,3020.84
2025-03-24 04:00:00,3021.04,3024.47,3013.62,3022.12
2025-03-24 08:00:00,3021.99,3031.03,3017.31,3023.61
2025-03-24 12:00:00,3023.72,3033.22,3019.14,3022.79
2025-03-24 16:00:00,3022.37,3024.04,3005.79,3007.0
2025-03-24 20:00:00,3006.98,3014.57,3002.46,3011.96
2025-03-25 00:00:00,3011.96,3014.85,3008.99,3011.86
2025-03-25 04:00:00,3011.87,3020.97,3007.64,3018.29
2025-03-25 08:00:00,3018.35,3023.51,3010.54,3023.2
2025-03-25 12:00:00,3023.27,3030.58,3014.13,3028.45
2025-03-25 16:00:00,3028.4,3035.95,3018.09,3022.69
2025-03-25 20:00:00,3022.68,3022.77,3017.78,3019.81
2025-03-26 00:00:00,3019.69,3025.45,3016.44,3024.86
2025-03-26 04:00:00,3024.84,3027.15,3013.26,3022.83
2025-03-26 08:00:00,3022.74,3032.04,3017.53,3018.69
2025-03-26 12:00:00,3018.44,3030.41,3016.0,3016.74
2025-03-26 16:00:00,3016.74,3021.7,3012.45,3018.72
2025-03-26 20:00:00,3018.84,3021.79,3015.76,3018.85
2025-03-27 00:00:00,3019.04,3028.36,3017.6,3023.55
2025-03-27 04:00:00,3023.54,3038.54,3023.34,3029.73
2025-03-27 08:00:00,3029.68,3041.03,3026.81,3039.94
2025-03-27 12:00:00,3039.98,3055.91,3033.45,3040.55
2025-03-27 16:00:00,3040.49,3059.56,3040.49,3052.87
2025-03-27 20:00:00,3052.79,3057.85,3052.74,3056.42
2025-03-28 00:00:00,3056.31,3074.03,3053.75,3073.86
2025-03-28 04:00:00,3073.87,3081.92,3069.73,3077.82
2025-03-28 08:00:00,3077.12,3085.96,3066.21,3072.87
2025-03-28 12:00:00,3072.87,3084.06,3067.01,3083.27
2025-03-28 16:00:00,3083.08,3086.77,3067.24,3077.39
2025-03-28 20:00:00,3077.47,3085.93,3073.56,3084.2
2025-03-29 00:00:00,3077.47,3085.93,3073.56,3084.2
2025-03-29 04:00:00,3077.47,3085.93,3073.56,3084.2
2025-03-29 08:00:00,3077.47,3085.93,3073.56,3084.2
2025-03-29 12:00:00,3077.47,3085.93,3073.56,3084.2
2025-03-29 16:00:00,3077.47,3085.93,3073.56,3084.2
2025-03-29 20:00:00,3077.47,3085.93,3073.56,3084.2
2025-03-30 00:00:00,3077.47,3085.93,3073.56,3084.2
2025-03-30 04:00:00,3077.47,3085.93,3073.56,3084.2
2025-03-30 08:00:00,3077.47,3085.93,3073.56,3084.2
2025-03-30 12:00:00,3077.47,3085.93,3073.56,3084.2
2025-03-30 16:00:00,3077.47,3085.93,3073.56,3084.2
2025-03-30 20:00:00,3077.47,3085.93,3073.56,3084.2
2025-03-31 00:00:00,3086.59,3097.77,3077.49,3079.07
2025-03-31 04:00:00,3078.89,3115.94,3076.72,3113.33
2025-03-31 08:00:00,3113.31,3127.94,3107.49,3122.24
2025-03-31 12:00:00,3122.06,3126.73,3111.9,3124.58
2025-03-31 16:00:00,3124.14,3127.17,3099.94,3117.56
2025-03-31 20:00:00,3117.25,3124.73,3115.99,3123.96
2025-04-01 00:00:00,3123.22,3127.91,3120.1,3127.25
2025-04-01 04:00:00,3127.15,3147.92,3126.64,3144.69
2025-04-01 08:00:00,3144.69,3149.04,3124.19,3130.87
2025-04-01 12:00:00,3130.9,3138.91,3127.74,3133.33
2025-04-01 16:00:00,3133.49,3137.03,3100.87,3106.65
2025-04-01 20:00:00,3106.62,3120.77,3105.71,3114.12
2025-04-02 00:00:00,3114.22,3123.67,3107.76,3122.92
2025-04-02 04:00:00,3122.93,3135.64,3115.53,3116.12
2025-04-02 08:00:00,3116.4,3133.78,3109.51,3131.2
2025-04-02 12:00:00,3131.29,3131.52,3110.14,3122.43
2025-04-02 16:00:00,3122.02,3134.27,3116.69,3131.43
2025-04-02 20:00:00,3131.46,3142.05,3104.45,3132.12
2025-04-03 00:00:00,3140.28,3167.73,3121.87,3151.27
2025-04-03 04:00:00,3151.51,3162.95,3139.2,3140.32
2025-04-03 08:00:00,3140.17,3140.92,3116.39,3129.08
2025-04-03 12:00:00,3129.17,3129.61,3060.95,3076.35
2025-04-03 16:00:00,3076.24,3135.52,3054.08,3107.59
2025-04-03 20:00:00,3107.51,3119.83,3100.03,3114.19
2025-04-04 00:00:00,3115.38,3116.6,3106.02,3110.57
2025-04-04 04:00:00,3110.57,3115.73,3087.29,3100.14
2025-04-04 08:00:00,3099.92,3109.87,3078.54,3084.18
2025-04-04 12:00:00,3083.99,3136.58,3069.63,3071.14
2025-04-04 16:00:00,3071.12,3087.45,3017.03,3030.93
2025-04-04 20:00:00,3030.96,3040.87,3015.78,3037.34
2025-04-05 00:00:00,3030.96,3040.87,3015.78,3037.34
2025-04-05 04:00:00,3030.96,3040.87,3015.78,3037.34
2025-04-05 08:00:00,3030.96,3040.87,3015.78,3037.34
2025-04-05 12:00:00,3030.96,3040.87,3015.78,3037.34
2025-04-05 16:00:00,3030.96,3040.87,3015.78,3037.34
2025-04-05 20:00:00,3030.96,3040.87,3015.78,3037.34
2025-04-06 00:00:00,3030.96,3040.87,3015.78,3037.34
2025-04-06 04:00:00,3030.96,3040.87,3015.78,3037.34
2025-04-06 08:00:00,3030.96,3040.87,3015.78,3037.34
2025-04-06 12:00:00,3030.96,3040.87,3015.78,3037.34
2025-04-06 16:00:00,3030.96,3040.87,3015.78,3037.34
2025-04-06 20:00:00,3030.96,3040.87,3015.78,3037.34
2025-04-07 00:00:00,3008.13,3036.38,2970.37,2978.75
2025-04-07 04:00:00,2978.29,3055.31,2971.76,3034.73
2025-04-07 08:00:00,3035.31,3044.45,3013.27,3031.16
2025-04-07 12:00:00,3031.73,3045.98,3014.7,3031.23
2025-04-07 16:00:00,3030.82,3037.97,2969.94,2970.43
2025-04-07 20:00:00,2970.4,2985.56,2956.26,2982.01
2025-04-08 00:00:00,2982.99,2992.55,2978.49,2985.24
2025-04-08 04:00:00,2985.32,3004.7,2983.6,3002.17
2025-04-08 08:00:00,3001.86,3015.7,2999.52,3007.45
2025-04-08 12:00:00,3007.41,3019.58,2994.89,3002.6
2025-04-08 16:00:00,3002.55,3022.73,2984.43,2985.99
2025-04-08 20:00:00,2986.15,2992.42,2974.73,2981.96
2025-04-09 00:00:00,2982.88,2990.91,2970.07,2980.42
2025-04-09 04:00:00,2980.5,3014.13,2972.5,3012.41
2025-04-09 08:00:00,3012.38,3052.56,3005.51,3043.89
2025-04-09 12:00:00,3043.9,3072.78,3036.29,3047.35
2025-04-09 16:00:00,3047.95,3094.8,3047.41,3092.42
2025-04-09 20:00:00,3092.64,3099.6,3048.38,3082.78
2025-04-10 00:00:00,3079.66,3101.29,3071.36,3097.1
2025-04-10 04:00:00,3097.55,3131.66,3078.42,3125.27
2025-04-10 08:00:00,3125.28,3132.58,3104.77,3105.08
2025-04-10 12:00:00,3104.86,3133.96,3103.43,3123.03
2025-04-10 16:00:00,3123.26,3174.95,3116.14,3158.6
2025-04-10 20:00:00,3158.53,3176.45,3151.58,3175.39
2025-04-11 00:00:00,3176.0,3217.75,3176.0,3205.51
2025-04-11 04:00:00,3205.08,3220.18,3201.05,3208.52
2025-04-11 08:00:00,3208.53,3227.4,3187.15,3216.01
2025-04-11 12:00:00,3216.0,3237.82,3210.11,3233.58
2025-04-11 16:00:00,3233.63,3245.36,3219.45,3223.3
2025-04-11 20:00:00,3223.81,3238.34,3223.79,3237.53
2025-04-12 00:00:00,3223.81,3238.34,3223.79,3237.53
2025-04-12 04:00:00,3223.81,3238.34,3223.79,3237.53
2025-04-12 08:00:00,3223.81,3238.34,3223.79,3237.53
2025-04-12 12:00:00,3223.81,3238.34,3223.79,3237.53
2025-04-12 16:00:00,3223.81,3238.34,3223.79,3237.53
2025-04-12 20:00:00,3223.81,3238.34,3223.79,3237.53
2025-04-13 00:00:00,3223.81,3238.34,3223.79,3237.53
2025-04-13 04:00:00,3223.81,3238.34,3223.79,3237.53
2025-04-13 08:00:00,3223.81,3238.34,3223.79,3237.53
2025-04-13 12:00:00,3223.81,3238.34,3223.79,3237.53
2025-04-13 16:00:00,3223.81,3238.34,3223.79,3237.53
2025-04-13 20:00:00,3223.81,3238.34,3223.79,3237.53
2025-04-14 00:00:00,3228.31,3228.34,3210.24,3220.97
2025-04-14 04:00:00,3220.99,3245.69,3215.41,3227.35
2025-04-14 08:00:00,3227.37,3238.06,3216.55,3226.92
2025-04-14 12:00:00,3226.91,3231.55,3200.63,3206.47
2025-04-14 16:00:00,3206.68,3215.7,3193.57,3207.5
2025-04-14 20:00:00,3207.51,3216.44,3201.45,3210.46
2025-04-15 00:00:00,3211.57,3215.19,3210.45,3211.91
2025-04-15 04:00:00,3211.77,3232.68,3210.01,3231.88
2025-04-15 08:00:00,3231.87,3232.15,3217.44,3227.66
2025-04-15 12:00:00,3227.73,3230.14,3214.23,3221.48
2025-04-15 16:00:00,3221.44,3226.82,3211.62,3221.4
2025-04-15 20:00:00,3221.39,3233.57,3220.38,3229.36
2025-04-16 00:00:00,3230.96,3267.99,3229.84,3264.44
2025-04-16 04:00:00,3264.52,3287.59,3256.08,3283.65
2025-04-16 08:00:00,3283.69,3317.76,3283.62,3306.96
2025-04-16 12:00:00,3306.93,3313.7,3293.17,3307.31
2025-04-16 16:00:00,3307.54,3333.02,3296.92,3327.24
2025-04-16 20:00:00,3327.31,3342.94,3324.48,3342.85
2025-04-17 00:00:00,3343.19,3357.65,3342.02,3345.07
2025-04-17 04:00:00,3345.42,3356.26,3320.87,3341.47
2025-04-17 08:00:00,3341.58,3345.4,3312.99,3324.23
2025-04-17 12:00:00,3324.19,3342.17,3320.65,3328.15
2025-04-17 16:00:00,3328.34,3331.96,3283.84,3316.04
2025-04-17 20:00:00,3316.17,3328.73,3311.01,3327.24
2025-04-18 00:00:00,3316.17,3328.73,3311.01,3327.24
2025-04-18 04:00:00,3316.17,3328.73,3311.01,3327.24
2025-04-18 08:00:00,3316.17,3328.73,3311.01,3327.24
2025-04-18 12:00:00,3316.17,3328.73,3311.01,3327.24
2025-04-18 16:00:00,3316.17,3328.73,3311.01,3327.24
2025-04-18 20:00:00,3316.17,3328.73,3311.01,3327.24
2025-04-19 00:00:00,3316.17,3328.73,3311.01,3327.24
2025-04-19 04:00:00,3316.17,3328.73,3311.01,3327.24
2025-04-19 08:00:00,3316.17,3328.73,3311.01,3327.24
2025-04-19 12:00:00,3316.17,3328.73,3311.01,3327.24
2025-04-19 16:00:00,3316.17,3328.73,3311.01,3327.24
2025-04-19 20:00:00,3316.17,3328.73,3311.01,3327.24
2025-04-20 00:00:00,3316.17,3328.73,3311.01,3327.24
2025-04-20 04:00:00,3316.17,3328.73,3311.01,3327.24
2025-04-20 08:00:00,3316.17,3328.73,3311.01,3327.24
2025-04-20 12:00:00,3316.17,3328.73,3311.01,3327.24
2025-04-20 16:00:00,3316.17,3328.73,3311.01,3327.24
2025-04-20 20:00:00,3316.17,3328.73,3311.01,3327.24
2025-04-21 00:00:00,3332.92,3370.48,3329.03,3368.73
2025-04-21 04:00:00,3368.38,3385.16,3367.29,3376.3
2025-04-21 08:00:00,3376.32,3395.93,3375.94,3392.83
2025-04-21 12:00:00,3392.75,3415.67,3386.61,3414.94
2025-04-21 16:00:00,3414.88,3430.17,3405.5,3414.54
2025-04-21 20:00:00,3414.58,3430.5,3406.05,3424.4
2025-04-22 00:00:00,3425.06,3444.21,3412.26,3425.46
2025-04-22 04:00:00,3425.2,3494.77,3421.91,3484.39
2025-04-22 08:00:00,3484.37,3499.98,3443.19,3444.07
2025-04-22 12:00:00,3444.2,3468.19,3424.29,3431.38
2025-04-22 16:00:00,3431.48,3449.53,3372.09,3392.84
2025-04-22 20:00:00,3392.93,3410.29,3366.78,3380.93
2025-04-23 00:00:00,3347.99,3371.23,3312.89,3367.85
2025-04-23 04:00:00,3368.52,3386.58,3329.24,3346.55
2025-04-23 08:00:00,3346.65,3349.24,3291.82,3321.4
2025-04-23 12:00:00,3321.52,3340.51,3310.65,3310.78
2025-04-23 16:00:00,3310.59,3313.62,3259.98,3294.98
2025-04-23 20:00:00,3295.05,3301.47,3277.76,3288.12
2025-04-24 00:00:00,3289.07,3339.07,3288.83,3331.77
2025-04-24 04:00:00,3331.52,3367.17,3320.74,3326.08
2025-04-24 08:00:00,3326.18,3341.6,3314.81,3335.98
2025-04-24 12:00:00,3336.17,3344.38,3325.47,3335.87
2025-04-24 16:00:00,3335.99,3336.26,3306.97,3331.5
2025-04-24 20:00:00,3331.52,3349.84,3330.04,3348.58
2025-04-25 00:00:00,3351.34,3370.76,3341.45,3357.88
2025-04-25 04:00:00,3357.62,3363.09,3316.46,3324.78
2025-04-25 08:00:00,3324.79,3327.1,3287.22,3303.66
2025-04-25 12:00:00,3303.9,3308.74,3287.99,3292.63
2025-04-25 16:00:00,3292.67,3292.89,3265.19,3285.35
2025-04-25 20:00:00,3285.41,3319.18,3281.89,3318.62
2025-04-26 00:00:00,3285.41,3319.18,3281.89,3318.62
2025-04-26 04:00:00,3285.41,3319.18,3281.89,3318.62
2025-04-26 08:00:00,3285.41,3319.18,3281.89,3318.62
2025-04-26 12:00:00,3285.41,3319.18,3281.89,3318.62
2025-04-26 16:00:00,3285.41,3319.18,3281.89,3318.62
2025-04-26 20:00:00,3285.41,3319.18,3281.89,3318.62
2025-04-27 00:00:00,3285.41,3319.18,3281.89,3318.62
2025-04-27 04:00:00,3285.41,3319.18,3281.89,3318.62
2025-04-27 08:00:00,3285.41,3319.18,3281.89,3318.62
2025-04-27 12:00:00,3285.41,3319.18,3281.89,3318.62
2025-04-27 16:00:00,3285.41,3319.18,3281.89,3318.62
2025-04-27 20:00:00,3285.41,3319.18,3281.89,3318.62
2025-04-28 00:00:00,3325.67,3337.54,3298.68,3314.15
2025-04-28 04:00:00,3314.09,3315.13,3268.19,3298.95
2025-04-28 08:00:00,3298.95,3300.91,3277.66,3282.6
2025-04-28 12:00:00,3282.59,3302.21,3273.28,3296.02
2025-04-28 16:00:00,3295.93,3339.25,3286.99,3336.63
2025-04-28 20:00:00,3336.7,3353.0,3333.22,3343.99
2025-04-29 00:00:00,3344.55,3348.67,3327.78,3329.94
2025-04-29 04:00:00,3329.61,3340.02,3306.87,3309.32
2025-04-29 08:00:00,3309.33,3324.86,3305.07,3311.93
2025-04-29 12:00:00,3311.82,3315.99,3300.6,3312.81
2025-04-29 16:00:00,3312.49,3329.93,3299.69,3328.66
2025-04-29 20:00:00,3328.86,3329.62,3313.3,3317.2
2025-04-30 00:00:00,3313.72,3328.02,3310.99,3313.09
2025-04-30 04:00:00,3313.1,3322.67,3301.35,3308.05
2025-04-30 08:00:00,3308.07,3314.66,3280.34,3284.52
2025-04-30 12:00:00,3284.35,3304.7,3267.13,3298.62
2025-04-30 16:00:00,3298.65,3319.68,3292.89,3310.7
2025-04-30 20:00:00,3310.8,3313.49,3283.15,3288.27
2025-05-01 00:00:00,3288.7,3290.21,3241.51,3246.59
2025-05-01 04:00:00,3246.54,3251.26,3221.24,3226.64
2025-05-01 08:00:00,3226.73,3243.18,3223.46,3235.18
2025-05-01 12:00:00,3235.24,3236.16,3201.91,3226.83
2025-05-01 16:00:00,3226.75,3232.98,3205.04,3219.47
2025-05-01 20:00:00,3219.68,3239.86,3209.97,3237.89
2025-05-02 00:00:00,3240.43,3244.27,3227.53,3231.52
2025-05-02 04:00:00,3231.55,3258.67,3231.41,3251.81
2025-05-02 08:00:00,3251.59,3263.15,3246.44,3258.11
2025-05-02 12:00:00,3258.08,3269.28,3250.32,3250.43
2025-05-02 16:00:00,3250.31,3264.57,3222.78,3224.88
2025-05-02 20:00:00,3225.03,3241.4,3223.62,3240.3
2025-05-03 00:00:00,3225.03,3241.4,3223.62,3240.3
2025-05-03 04:00:00,3225.03,3241.4,3223.62,3240.3
2025-05-03 08:00:00,3225.03,3241.4,3223.62,3240.3
2025-05-03 12:00:00,3225.03,3241.4,3223.62,3240.3
2025-05-03 16:00:00,3225.03,3241.4,3223.62,3240.3
2025-05-03 20:00:00,3225.03,3241.4,3223.62,3240.3
2025-05-04 00:00:00,3225.03,3241.4,3223.62,3240.3
2025-05-04 04:00:00,3225.03,3241.4,3223.62,3240.3
2025-05-04 08:00:00,3225.03,3241.4,3223.62,3240.3
2025-05-04 12:00:00,3225.03,3241.4,3223.62,3240.3
2025-05-04 16:00:00,3225.03,3241.4,3223.62,3240.3
2025-05-04 20:00:00,3225.03,3241.4,3223.62,3240.3
2025-05-05 00:00:00,3240.86,3252.2,3237.44,3246.71
2025-05-05 04:00:00,3247.4,3272.29,3246.58,3256.52
2025-05-05 08:00:00,3256.52,3282.9,3254.07,3282.32
2025-05-05 12:00:00,3282.69,3322.42,3282.21,3319.55
2025-05-05 16:00:00,3319.58,3328.77,3305.65,3309.77
2025-05-05 20:00:00,3309.94,3337.54,3309.22,3333.96
2025-05-06 00:00:00,3336.06,3338.0,3323.52,3329.6
2025-05-06 04:00:00,3329.59,3386.99,3329.59,3363.17
2025-05-06 08:00:00,3363.21,3383.06,3350.2,3377.19
2025-05-06 12:00:00,3377.34,3392.27,3371.43,3391.01
2025-05-06 16:00:00,3391.32,3411.61,3378.15,3408.88
2025-05-06 20:00:00,3408.87,3434.75,3407.52,3430.46
2025-05-07 00:00:00,3437.65,3437.85,3360.96,3379.66
2025-05-07 04:00:00,3379.42,3393.8,3360.21,3382.17
2025-05-07 08:00:00,3382.17,3397.4,3378.21,3382.79
2025-05-07 12:00:00,3382.77,3393.75,3369.29,3390.76
2025-05-07 16:00:00,3390.86,3398.09,3375.71,3386.89
2025-05-07 20:00:00,3386.87,3397.92,3363.66,3364.44
2025-05-08 00:00:00,3365.74,3386.95,3364.89,3380.25
2025-05-08 04:00:00,3380.14,3414.78,3379.12,3382.14
2025-05-08 08:00:00,3382.2,3384.25,3320.32,3339.31
2025-05-08 12:00:00,3339.18,3358.56,3330.42,3356.13
2025-05-08 16:00:00,3356.13,3369.28,3304.38,3310.36
2025-05-08 20:00:00,3310.31,3311.14,3288.75,3305.85
2025-05-09 00:00:00,3308.01,3324.02,3306.43,3322.15
2025-05-09 04:00:00,3322.03,3327.28,3274.86,3324.64
2025-05-09 08:00:00,3324.61,3332.15,3312.93,3328.51
2025-05-09 12:00:00,3328.49,3338.33,3322.01,3333.54
2025-05-09 16:00:00,3333.45,3347.53,3320.38,3336.97
2025-05-09 20:00:00,3336.82,3342.99,3325.14,3327.15
2025-05-10 00:00:00,3336.82,3342.99,3325.14,3327.15
2025-05-10 04:00:00,3336.82,3342.99,3325.14,3327.15
2025-05-10 08:00:00,3336.82,3342.99,3325.14,3327.15
2025-05-10 12:00:00,3336.82,3342.99,3325.14,3327.15
2025-05-10 16:00:00,3336.82,3342.99,3325.14,3327.15
2025-05-10 20:00:00,3336.82,3342.99,3325.14,3327.15
2025-05-11 00:00:00,3336.82,3342.99,3325.14,3327.15
2025-05-11 04:00:00,3336.82,3342.99,3325.14,3327.15
2025-05-11 08:00:00,3336.82,3342.99,3325.14,3327.15
2025-05-11 12:00:00,3336.82,3342.99,3325.14,3327.15
2025-05-11 16:00:00,3336.82,3342.99,3325.14,3327.15
2025-05-11 20:00:00,3336.82,3342.99,3325.14,3327.15
2025-05-12 00:00:00,3291.47,3299.73,3265.95,3279.17
2025-05-12 04:00:00,3279.45,3284.69,3258.87,3278.9
2025-05-12 08:00:00,3278.89,3281.52,3216.25,3231.39
2025-05-12 12:00:00,3230.76,3234.24,3207.74,3233.7
2025-05-12 16:00:00,3233.75,3248.54,3223.37,3224.21
2025-05-12 20:00:00,3224.21,3238.78,3220.35,3234.4
2025-05-13 00:00:00,3238.82,3243.21,3229.78,3239.93
2025-05-13 04:00:00,3239.92,3253.4,3215.99,3252.54
2025-05-13 08:00:00,3252.83,3265.43,3247.37,3255.59
2025-05-13 12:00:00,3255.49,3258.62,3237.38,3242.1
2025-05-13 16:00:00,3241.67,3257.82,3225.57,3251.03
2025-05-13 20:00:00,3251.0,3254.82,3242.03,3249.98
2025-05-14 00:00:00,3249.67,3257.05,3240.6,3243.78
2025-05-14 04:00:00,3244.06,3251.56,3222.64,3223.97
2025-05-14 08:00:00,3223.95,3243.79,3221.83,3232.55
2025-05-14 12:00:00,3232.58,3239.2,3184.14,3184.73
2025-05-14 16:00:00,3184.36,3198.29,3173.84,3188.55
2025-05-14 20:00:00,3188.59,3190.43,3168.03,3177.4
2025-05-15 00:00:00,3178.39,3187.88,3177.74,3187.81
2025-05-15 04:00:00,3187.75,3192.65,3135.63,3138.61
2025-05-15 08:00:00,3138.78,3164.14,3120.78,3162.62
2025-05-15 12:00:00,3162.58,3189.84,3159.38,3188.87
2025-05-15 16:00:00,3189.18,3222.63,3185.3,3222.4
2025-05-15 20:00:00,3222.48,3240.5,3216.5,3239.64
2025-05-16 00:00:00,3238.34,3252.14,3232.06,3243.15
2025-05-16 04:00:00,3243.16,3244.41,3206.57,3219.64
2025-05-16 08:00:00,3219.58,3231.23,3195.65,3207.44
2025-05-16 12:00:00,3207.32,3212.88,3154.35,3177.45
2025-05-16 16:00:00,3177.5,3189.75,3166.26,3189.33
2025-05-16 20:00:00,3189.32,3202.87,3183.47,3201.0
2025-05-17 00:00:00,3189.32,3202.87,3183.47,3201.0
2025-05-17 04:00:00,3189.32,3202.87,3183.47,3201.0
2025-05-17 08:00:00,3189.32,3202.87,3183.47,3201.0
2025-05-17 12:00:00,3189.32,3202.87,3183.47,3201.0
2025-05-17 16:00:00,3189.32,3202.87,3183.47,3201.0
2025-05-17 20:00:00,3189.32,3202.87,3183.47,3201.0
2025-05-18 00:00:00,3189.32,3202.87,3183.47,3201.0
2025-05-18 04:00:00,3189.32,3202.87,3183.47,3201.0
2025-05-18 08:00:00,3189.32,3202.87,3183.47,3201.0
2025-05-18 12:00:00,3189.32,3202.87,3183.47,3201.0
2025-05-18 16:00:00,3189.32,3202.87,3183.47,3201.0
2025-05-18 20:00:00,3189.32,3202.87,3183.47,3201.0
2025-05-19 00:00:00,3219.73,3249.75,3206.42,3246.44
2025-05-19 04:00:00,3246.12,3246.42,3206.69,3215.89
2025-05-19 08:00:00,3215.91,3244.89,3214.91,3244.46
2025-05-19 12:00:00,3244.7,3248.47,3228.9,3229.28
2025-05-19 16:00:00,3229.23,3241.63,3217.34,3231.85
2025-05-19 20:00:00,3231.87,3235.78,3225.18,3230.12
2025-05-20 00:00:00,3230.75,3230.78,3214.33,3222.79
2025-05-20 04:00:00,3223.3,3232.65,3204.57,3217.28
2025-05-20 08:00:00,3217.1,3235.83,3207.97,3235.83
2025-05-20 12:00:00,3235.95,3250.76,3230.6,3242.8
2025-05-20 16:00:00,3242.39,3285.71,3232.88,3278.94
2025-05-20 20:00:00,3278.86,3295.68,3278.31,3289.66
2025-05-21 00:00:00,3289.94,3304.2,3288.59,3303.46
2025-05-21 04:00:00,3303.46,3314.48,3285.56,3302.11
2025-05-21 08:00:00,3302.12,3320.67,3298.47,3308.48
2025-05-21 12:00:00,3308.54,3318.23,3290.95,3302.52
2025-05-21 16:00:00,3302.71,3315.17,3295.43,3303.08
2025-05-21 20:00:00,3303.1,3324.84,3302.78,3315.11
2025-05-22 00:00:00,3316.05,3326.24,3315.63,3323.77
2025-05-22 04:00:00,3323.77,3345.31,3320.5,3338.56
2025-05-22 08:00:00,3338.56,3339.41,3310.27,3311.35
2025-05-22 12:00:00,3311.25,3314.71,3283.15,3304.04
2025-05-22 16:00:00,3304.16,3315.72,3279.37,3301.54
2025-05-22 20:00:00,3301.56,3301.76,3289.09,3294.71
2025-05-23 00:00:00,3294.54,3308.85,3287.05,3300.93
2025-05-23 04:00:00,3301.35,3316.14,3291.05,3313.6
2025-05-23 08:00:00,3313.55,3334.33,3312.55,3326.37
2025-05-23 12:00:00,3326.37,3360.43,3323.46,3357.07
2025-05-23 16:00:00,3357.49,3364.55,3336.56,3359.02
2025-05-23 20:00:00,3359.01,3365.87,3356.45,3357.9
2025-05-24 00:00:00,3359.01,3365.87,3356.45,3357.9
2025-05-24 04:00:00,3359.01,3365.87,3356.45,3357.9
2025-05-24 08:00:00,3359.01,3365.87,3356.45,3357.9
2025-05-24 12:00:00,3359.01,3365.87,3356.45,3357.9
2025-05-24 16:00:00,3359.01,3365.87,3356.45,3357.9
2025-05-24 20:00:00,3359.01,3365.87,3356.45,3357.9
2025-05-25 00:00:00,3359.01,3365.87,3356.45,3357.9
2025-05-25 04:00:00,3359.01,3365.87,3356.45,3357.9
2025-05-25 08:00:00,3359.01,3365.87,3356.45,3357.9
2025-05-25 12:00:00,3359.01,3365.87,3356.45,3357.9
2025-05-25 16:00:00,3359.01,3365.87,3356.45,3357.9
2025-05-25 20:00:00,3359.01,3365.87,3356.45,3357.9
2025-05-26 00:00:00,3353.88,3356.33,3331.6,3341.82
2025-05-26 04:00:00,3342.6,3356.76,3335.68,3349.84
2025-05-26 08:00:00,3349.83,3351.83,3331.13,3334.39
2025-05-26 12:00:00,3334.77,3336.12,3323.52,3334.39
2025-05-26 16:00:00,3334.4,3343.54,3331.49,3342.11
2025-05-26 20:00:00,3342.1,3343.16,3340.48,3342.19
2025-05-27 00:00:00,3343.87,3349.77,3342.5,3345.04
2025-05-27 04:00:00,3345.08,3347.34,3330.72,3330.9
2025-05-27 08:00:00,3330.9,3332.66,3292.64,3298.56
2025-05-27 12:00:00,3298.58,3309.59,3287.84,3293.81
2025-05-27 16:00:00,3294.19,3304.66,3284.9,3297.79
2025-05-27 20:00:00,3297.84,3307.96,3296.87,3300.56
2025-05-28 00:00:00,3301.03,3315.76,3298.18,3308.51
2025-05-28 04:00:00,3308.44,3313.48,3291.68,3296.41
2025-05-28 08:00:00,3296.29,3323.77,3296.03,3321.57
2025-05-28 12:00:00,3321.58,3325.44,3305.38,3312.27
2025-05-28 16:00:00,3312.26,3316.28,3288.62,3293.44
2025-05-28 20:00:00,3293.66,3303.04,3276.94,3288.64
2025-05-29 00:00:00,3287.71,3295.15,3250.33,3264.81
2025-05-29 04:00:00,3265.03,3280.09,3245.52,3269.13
2025-05-29 08:00:00,3269.28,3289.25,3266.04,3281.75
2025-05-29 12:00:00,3281.67,3317.49,3276.25,3316.45
2025-05-29 16:00:00,3316.52,3331.23,3304.8,3322.26
2025-05-29 20:00:00,3322.28,3325.74,3315.31,3317.56
2025-05-30 00:00:00,3318.43,3320.96,3309.65,3312.52
2025-05-30 04:00:00,3312.51,3322.7,3291.27,3296.28
2025-05-30 08:00:00,3296.22,3305.02,3287.51,3295.77
2025-05-30 12:00:00,3295.54,3306.73,3282.82,3304.09
2025-05-30 16:00:00,3303.96,3308.24,3271.82,3293.52
2025-05-30 20:00:00,3293.32,3295.71,3288.72,3288.72
2025-05-31 00:00:00,3293.32,3295.71,3288.72,3288.72
2025-05-31 04:00:00,3293.32,3295.71,3288.72,3288.72
2025-05-31 08:00:00,3293.32,3295.71,3288.72,3288.72
2025-05-31 12:00:00,3293.32,3295.71,3288.72,3288.72
2025-05-31 16:00:00,3293.32,3295.71,3288.72,3288.72
2025-05-31 20:00:00,3293.32,3295.71,3288.72,3288.72
2025-06-01 00:00:00,3293.32,3295.71,3288.72,3288.72
2025-06-01 04:00:00,3293.32,3295.71,3288.72,3288.72
2025-06-01 08:00:00,3293.32,3295.71,3288.72,3288.72
2025-06-01 12:00:00,3293.32,3295.71,3288.72,3288.72
2025-06-01 16:00:00,3293.32,3295.71,3288.72,3288.72
2025-06-01 20:00:00,3293.32,3295.71,3288.72,3288.72
2025-06-02 00:00:00,3298.35,3316.57,3295.92,3311.35
2025-06-02 04:00:00,3311.33,3318.21,3301.45,3313.88
2025-06-02 08:00:00,3313.94,3358.82,3313.87,3352.09
2025-06-02 12:00:00,3352.13,3363.64,3344.47,3355.44
2025-06-02 16:00:00,3355.6,3379.19,3350.26,3371.53
2025-06-02 20:00:00,3371.4,3382.92,3370.81,3381.6
2025-06-03 00:00:00,3382.82,3392.24,3373.82,3375.89
2025-06-03 04:00:00,3375.9,3377.95,3359.29,3362.74
2025-06-03 08:00:00,3362.78,3367.67,3351.24,3361.15
2025-06-03 12:00:00,3360.95,3362.99,3349.08,3359.37
2025-06-03 16:00:00,3359.61,3363.13,3333.2,3348.44
2025-06-03 20:00:00,3348.37,3355.48,3347.4,3353.3
2025-06-04 00:00:00,3354.69,3361.61,3349.84,3350.26
2025-06-04 04:00:00,3350.27,3372.62,3346.56,3354.8
2025-06-04 08:00:00,3354.81,3365.28,3348.03,3362.76
2025-06-04 12:00:00,3362.82,3364.95,3343.8,3358.83
2025-06-04 16:00:00,3358.92,3384.65,3350.85,3375.06
2025-06-04 20:00:00,3374.98,3382.15,3370.74,3372.6
2025-06-05 00:00:00,3373.4,3381.67,3372.39,3380.3
2025-06-05 04:00:00,3380.22,3384.1,3364.17,3368.4
2025-06-05 08:00:00,3368.48,3376.9,3361.2,3375.21
2025-06-05 12:00:00,3375.23,3403.33,3374.09,3383.06
2025-06-05 16:00:00,3383.58,3388.27,3339.61,3354.21
2025-06-05 20:00:00,3354.31,3361.38,3348.94,3352.6
2025-06-06 00:00:00,3354.03,3364.02,3353.16,3359.38
2025-06-06 04:00:00,3358.99,3374.46,3356.22,3373.71
2025-06-06 08:00:00,3373.65,3375.6,3352.84,3365.31
2025-06-06 12:00:00,3365.42,3365.42,3343.51,3353.48
2025-06-06 16:00:00,3353.39,3360.93,3316.79,3322.76
2025-06-06 20:00:00,3322.77,3326.8,3307.13,3312.12
2025-06-07 00:00:00,3322.77,3326.8,3307.13,3312.12
2025-06-07 04:00:00,3322.77,3326.8,3307.13,3312.12
2025-06-07 08:00:00,3322.77,3326.8,3307.13,3312.12
2025-06-07 12:00:00,3322.77,3326.8,3307.13,3312.12
2025-06-07 16:00:00,3322.77,3326.8,3307.13,3312.12
2025-06-07 20:00:00,3322.77,3326.8,3307.13,3312.12
2025-06-08 00:00:00,3322.77,3326.8,3307.13,3312.12
2025-06-08 04:00:00,3322.77,3326.8,3307.13,3312.12
2025-06-08 08:00:00,3322.77,3326.8,3307.13,3312.12
2025-06-08 12:00:00,3322.77,3326.8,3307.13,3312.12
2025-06-08 16:00:00,3322.77,3326.8,3307.13,3312.12
2025-06-08 20:00:00,3322.77,3326.8,3307.13,3312.12
2025-06-09 00:00:00,3314.04,3321.15,3298.4,3305.43
2025-06-09 04:00:00,3305.59,3313.42,3293.61,3311.72
2025-06-09 08:00:00,3311.72,3328.43,3309.57,3319.81
2025-06-09 12:00:00,3319.9,3323.45,3312.12,3320.02
2025-06-09 16:00:00,3320.16,3337.8,3310.73,3337.62
2025-06-09 20:00:00,3338.02,3338.16,3324.82,3325.39
2025-06-10 00:00:00,3325.86,3327.87,3314.59,3316.59
2025-06-10 04:00:00,3316.6,3319.9,3301.94,3307.25
2025-06-10 08:00:00,3307.29,3334.84,3306.74,3329.33
2025-06-10 12:00:00,3329.34,3342.47,3327.18,3337.22
2025-06-10 16:00:00,3337.04,3349.08,3320.03,3321.34
2025-06-10 20:00:00,3321.53,3334.5,3319.51,3322.4
2025-06-11 00:00:00,3322.21,3335.2,3315.53,3332.5
2025-06-11 04:00:00,3332.36,3342.92,3327.22,3341.85
2025-06-11 08:00:00,3341.81,3348.54,3332.52,3344.57
2025-06-11 12:00:00,3344.31,3360.68,3326.22,3336.72
2025-06-11 16:00:00,3336.91,3344.42,3327.73,3330.25
2025-06-11 20:00:00,3330.25,3355.41,3319.29,3354.82
2025-06-12 00:00:00,3356.57,3373.29,3356.36,3365.75
2025-06-12 04:00:00,3365.78,3377.73,3362.5,3370.45
2025-06-12 08:00:00,3370.33,3375.77,3338.67,3356.76
2025-06-12 12:00:00,3356.53,3390.28,3355.48,3388.07
2025-06-12 16:00:00,3388.16,3398.77,3377.89,3383.84
2025-06-12 20:00:00,3383.71,3389.24,3378.17,3386.66
2025-06-13 00:00:00,3386.01,3419.92,3379.81,3416.34
2025-06-13 04:00:00,3415.76,3444.4,3413.94,3425.32
2025-06-13 08:00:00,3425.32,3428.79,3407.91,3424.3
2025-06-13 12:00:00,3424.43,3438.15,3411.64,3436.78
2025-06-13 16:00:00,3436.24,3446.8,3419.3,3429.96
2025-06-13 20:00:00,3429.98,3439.45,3427.42,3434.15
2025-06-14 00:00:00,3429.98,3439.45,3427.42,3434.15
2025-06-14 04:00:00,3429.98,3439.45,3427.42,3434.15
2025-06-14 08:00:00,3429.98,3439.45,3427.42,3434.15
2025-06-14 12:00:00,3429.98,3439.45,3427.42,3434.15
2025-06-14 16:00:00,3429.98,3439.45,3427.42,3434.15
2025-06-14 20:00:00,3429.98,3439.45,3427.42,3434.15
2025-06-15 00:00:00,3429.98,3439.45,3427.42,3434.15
2025-06-15 04:00:00,3429.98,3439.45,3427.42,3434.15
2025-06-15 08:00:00,3429.98,3439.45,3427.42,3434.15
2025-06-15 12:00:00,3429.98,3439.45,3427.42,3434.15
2025-06-15 16:00:00,3429.98,3439.45,3427.42,3434.15
2025-06-15 20:00:00,3429.98,3439.45,3427.42,3434.15
2025-06-16 00:00:00,3434.04,3451.23,3434.04,3436.66
2025-06-16 04:00:00,3436.28,3446.32,3426.88,3427.54
2025-06-16 08:00:00,3427.54,3430.38,3409.52,3413.85
2025-06-16 12:00:00,3413.63,3422.56,3410.64,3415.61
2025-06-16 16:00:00,3415.67,3417.99,3382.76,3399.41
2025-06-16 20:00:00,3399.36,3400.25,3382.84,3385.14
2025-06-17 00:00:00,3386.26,3403.24,3385.86,3394.36
2025-06-17 04:00:00,3394.24,3402.46,3373.18,3394.06
2025-06-17 08:00:00,3394.05,3395.43,3377.84,3378.91
2025-06-17 12:00:00,3378.69,3400.08,3375.76,3386.7
2025-06-17 16:00:00,3386.76,3397.45,3366.15,3382.9
2025-06-17 20:00:00,3382.96,3392.3,3381.46,3388.47
2025-06-18 00:00:00,3390.46,3396.07,3383.0,3385.74
2025-06-18 04:00:00,3385.76,3400.01,3370.62,3395.12
2025-06-18 08:00:00,3395.28,3395.65,3377.1,3383.55
2025-06-18 12:00:00,3383.53,3389.84,3375.53,3386.63
2025-06-18 16:00:00,3386.58,3396.77,3373.87,3391.0
2025-06-18 20:00:00,3390.94,3395.73,3362.56,3369.15
2025-06-19 00:00:00,3369.58,3383.28,3367.76,3379.45
2025-06-19 04:00:00,3379.5,3387.93,3369.73,3374.51
2025-06-19 08:00:00,3374.47,3375.28,3347.65,3368.68
2025-06-19 12:00:00,3368.58,3379.0,3363.72,3367.97
2025-06-19 16:00:00,3367.55,3372.84,3361.57,3371.08
2025-06-19 20:00:00,3371.04,3375.45,3365.95,3370.63
2025-06-20 00:00:00,3370.12,3370.4,3362.07,3368.14
2025-06-20 04:00:00,3368.12,3368.3,3344.88,3354.3
2025-06-20 08:00:00,3354.32,3355.29,3340.37,3351.0
2025-06-20 12:00:00,3350.86,3359.2,3341.97,3344.48
2025-06-20 16:00:00,3344.62,3374.51,3343.05,3371.48
2025-06-20 20:00:00,3371.49,3371.74,3364.62,3368.64
2025-06-21 00:00:00,3371.49,3371.74,3364.62,3368.64
2025-06-21 04:00:00,3371.49,3371.74,3364.62,3368.64
2025-06-21 08:00:00,3371.49,3371.74,3364.62,3368.64
2025-06-21 12:00:00,3371.49,3371.74,3364.62,3368.64
2025-06-21 16:00:00,3371.49,3371.74,3364.62,3368.64
2025-06-21 20:00:00,3371.49,3371.74,3364.62,3368.64
2025-06-22 00:00:00,3371.49,3371.74,3364.62,3368.64
2025-06-22 04:00:00,3371.49,3371.74,3364.62,3368.64
2025-06-22 08:00:00,3371.49,3371.74,3364.62,3368.64
2025-06-22 12:00:00,3371.49,3371.74,3364.62,3368.64
2025-06-22 16:00:00,3371.49,3371.74,3364.62,3368.64
2025-06-22 20:00:00,3371.49,3371.74,3364.62,3368.64
2025-06-23 00:00:00,3392.44,3396.7,3358.24,3365.72
2025-06-23 04:00:00,3366.01,3368.06,3352.05,3358.49
2025-06-23 08:00:00,3358.48,3362.25,3347.12,3361.83
2025-06-23 12:00:00,3361.85,3381.99,3355.88,3360.44
2025-06-23 16:00:00,3360.18,3393.53,3359.85,3389.82
2025-06-23 20:00:00,3389.71,3391.39,3367.3,3369.04
2025-06-24 00:00:00,3368.43,3369.94,3333.3,3351.08
2025-06-24 04:00:00,3351.12,3357.92,3342.26,3348.55
2025-06-24 08:00:00,3348.52,3348.72,3316.06,3327.27
2025-06-24 12:00:00,3327.24,3328.87,3304.62,3314.77
2025-06-24 16:00:00,3314.67,3320.45,3295.5,3318.43
2025-06-24 20:00:00,3318.5,3325.17,3315.72,3322.81
2025-06-25 00:00:00,3324.71,3329.98,3320.95,3326.94
2025-06-25 04:00:00,3327.05,3335.18,3325.81,3327.5
2025-06-25 08:00:00,3327.44,3337.07,3326.48,3327.16
2025-06-25 12:00:00,3327.17,3329.5,3318.2,3320.63
2025-06-25 16:00:00,3320.67,3335.1,3311.98,3334.8
2025-06-25 20:00:00,3334.79,3336.01,3325.03,3332.15
2025-06-26 00:00:00,3333.62,3340.09,3331.31,3333.98
2025-06-26 04:00:00,3334.03,3343.14,3329.28,3333.97
2025-06-26 08:00:00,3333.91,3350.28,3331.08,3348.22
2025-06-26 12:00:00,3348.18,3348.75,3321.73,3322.03
2025-06-26 16:00:00,3322.19,3333.27,3309.99,3331.33
2025-06-26 20:00:00,3331.34,3336.39,3327.67,3327.76
2025-06-27 00:00:00,3327.61,3327.96,3313.25,3318.61
2025-06-27 04:00:00,3318.82,3321.96,3291.16,3293.97
2025-06-27 08:00:00,3293.95,3300.92,3281.92,3289.51
2025-06-27 12:00:00,3289.34,3290.91,3269.58,3270.02
2025-06-27 16:00:00,3269.98,3278.51,3255.89,3277.67
2025-06-27 20:00:00,3277.69,3282.76,3268.4,3274.96
2025-06-28 00:00:00,3277.69,3282.76,3268.4,3274.96
2025-06-28 04:00:00,3277.69,3282.76,3268.4,3274.96
2025-06-28 08:00:00,3277.69,3282.76,3268.4,3274.96
2025-06-28 12:00:00,3277.69,3282.76,3268.4,3274.96
2025-06-28 16:00:00,3277.69,3282.76,3268.4,3274.96
2025-06-28 20:00:00,3277.69,3282.76,3268.4,3274.96
2025-06-29 00:00:00,3277.69,3282.76,3268.4,3274.96
2025-06-29 04:00:00,3277.69,3282.76,3268.4,3274.96
2025-06-29 08:00:00,3277.69,3282.76,3268.4,3274.96
2025-06-29 12:00:00,3277.69,3282.76,3268.4,3274.96
2025-06-29 16:00:00,3277.69,3282.76,3268.4,3274.96
2025-06-29 20:00:00,3277.69,3282.76,3268.4,3274.96
2025-06-30 00:00:00,3275.5,3281.68,3248.48,3264.59
2025-06-30 04:00:00,3264.73,3286.29,3259.54,3285.82
2025-06-30 08:00:00,3285.59,3296.79,3284.72,3289.14
2025-06-30 12:00:00,3289.03,3289.03,3274.64,3281.95
2025-06-30 16:00:00,3281.95,3297.45,3278.01,3297.31
2025-06-30 20:00:00,3298.14,3309.41,3292.02,3302.92
2025-07-01 00:00:00,3303.4,3314.78,3302.38,3314.72
2025-07-01 04:00:00,3314.78,3323.05,3314.13,3322.93
2025-07-01 08:00:00,3322.95,3342.28,3322.91,3339.49
2025-07-01 12:00:00,3339.53,3357.92,3338.2,3354.51
2025-07-01 16:00:00,3354.6,3355.55,3337.07,3341.75
2025-07-01 20:00:00,3341.75,3342.18,3336.86,3338.78
2025-07-02 00:00:00,3338.98,3344.9,3334.89,3338.93
2025-07-02 04:00:00,3339.0,3342.89,3328.88,3340.11
2025-07-02 08:00:00,3340.08,3343.86,3327.61,3333.59
2025-07-02 12:00:00,3333.52,3351.12,3333.08,3346.64
2025-07-02 16:00:00,3346.54,3349.19,3333.89,3348.65
2025-07-02 20:00:00,3348.41,3360.1,3347.4,3356.93
2025-07-03 00:00:00,3358.07,3365.74,3346.36,3346.38
2025-07-03 04:00:00,3358.07,3365.74,3346.36,3346.38
2025-07-03 08:00:00,3358.07,3365.74,3346.36,3346.38
2025-07-03 12:00:00,3353.14,3355.33,3311.69,3324.47
2025-07-03 16:00:00,3324.23,3338.44,3322.11,3333.88
2025-07-03 20:00:00,3333.83,3334.8,3325.26,3325.92
2025-07-04 00:00:00,3325.52,3332.02,3323.59,3328.96
2025-07-04 04:00:00,3328.96,3329.22,3326.48,3327.68
2025-07-04 08:00:00,3337.62,3344.18,3336.94,3342.84
2025-07-04 12:00:00,3342.82,3343.08,3331.42,3333.87
2025-07-04 16:00:00,3333.94,3337.99,3330.88,3337.04
2025-07-04 20:00:00,3333.94,3337.99,3330.88,3337.04
2025-07-05 00:00:00,3333.94,3337.99,3330.88,3337.04
2025-07-05 04:00:00,3333.94,3337.99,3330.88,3337.04
2025-07-05 08:00:00,3333.94,3337.99,3330.88,3337.04
2025-07-05 12:00:00,3333.94,3337.99,3330.88,3337.04
2025-07-05 16:00:00,3333.94,3337.99,3330.88,3337.04
2025-07-05 20:00:00,3333.94,3337.99,3330.88,3337.04
2025-07-06 00:00:00,3333.94,3337.99,3330.88,3337.04
2025-07-06 04:00:00,3333.94,3337.99,3330.88,3337.04
2025-07-06 08:00:00,3333.94,3337.99,3330.88,3337.04
2025-07-06 12:00:00,3333.94,3337.99,3330.88,3337.04
2025-07-06 16:00:00,3333.94,3337.99,3330.88,3337.04
2025-07-06 20:00:00,3333.94,3337.99,3330.88,3337.04
2025-07-07 00:00:00,3335.92,3342.76,3321.76,3326.53
2025-07-07 04:00:00,3326.56,3327.67,3305.35,3307.72
2025-07-07 08:00:00,3307.75,3315.12,3300.69,3310.1
2025-07-07 12:00:00,3309.95,3312.55,3296.45,3309.6
2025-07-07 16:00:00,3309.57,3328.02,3306.21,3327.4
2025-07-07 20:00:00,3327.42,3340.37,3327.42,3336.16
2025-07-08 00:00:00,3338.99,3345.76,3331.29,3334.22
2025-07-08 04:00:00,3334.08,3337.98,3327.51,3329.62
2025-07-08 08:00:00,3329.56,3339.46,3323.35,3323.72
2025-07-08 12:00:00,3323.67,3329.85,3320.06,3328.22
2025-07-08 16:00:00,3328.2,3328.64,3287.13,3300.37
2025-07-08 20:00:00,3300.54,3310.3,3299.35,3301.48
2025-07-09 00:00:00,3302.39,3307.91,3297.26,3307.01
2025-07-09 04:00:00,3307.13,3307.27,3284.96,3293.99
2025-07-09 08:00:00,3293.97,3297.8,3282.77,3284.98
2025-07-09 12:00:00,3284.94,3297.49,3283.26,3296.42
2025-07-09 16:00:00,3296.27,3313.26,3291.95,3311.89
2025-07-09 20:00:00,3311.74,3316.79,3308.06,3313.55
2025-07-10 00:00:00,3314.0,3321.82,3313.52,3317.68
2025-07-10 04:00:00,3317.66,3326.3,3314.82,3322.22
2025-07-10 08:00:00,3322.25,3330.11,3319.89,3328.69
2025-07-10 12:00:00,3328.63,3330.25,3317.98,3323.83
2025-07-10 16:00:00,3323.9,3329.48,3310.12,3315.12
2025-07-10 20:00:00,3315.02,3325.94,3314.63,3323.85
2025-07-11 00:00:00,3324.18,3336.13,3321.78,3330.64
2025-07-11 04:00:00,3330.46,3336.02,3325.26,3332.0
2025-07-11 08:00:00,3331.99,3343.82,3331.18,3333.03
2025-07-11 12:00:00,3333.03,3357.01,3332.79,3355.12
2025-07-11 16:00:00,3355.34,3368.75,3350.17,3353.82
2025-07-11 20:00:00,3353.68,3359.71,3349.22,3355.5
2025-07-12 00:00:00,3353.68,3359.71,3349.22,3355.5
2025-07-12 04:00:00,3353.68,3359.71,3349.22,3355.5
2025-07-12 08:00:00,3353.68,3359.71,3349.22,3355.5
2025-07-12 12:00:00,3353.68,3359.71,3349.22,3355.5
2025-07-12 16:00:00,3353.68,3359.71,3349.22,3355.5
2025-07-12 20:00:00,3353.68,3359.71,3349.22,3355.5
2025-07-13 00:00:00,3353.68,3359.71,3349.22,3355.5
2025-07-13 04:00:00,3353.68,3359.71,3349.22,3355.5
2025-07-13 08:00:00,3353.68,3359.71,3349.22,3355.5
2025-07-13 12:00:00,3353.68,3359.71,3349.22,3355.5
2025-07-13 16:00:00,3353.68,3359.71,3349.22,3355.5
2025-07-13 20:00:00,3353.68,3359.71,3349.22,3355.5
2025-07-14 00:00:00,3362.47,3373.94,3359.59,3367.65
2025-07-14 04:00:00,3367.39,3370.18,3353.74,3359.76
2025-07-14 08:00:00,3359.68,3374.92,3353.82,3365.95
2025-07-14 12:00:00,3366.0,3374.63,3349.37,3350.11
2025-07-14 16:00:00,3350.38,3358.99,3341.05,3347.78
2025-07-14 20:00:00,3347.81,3351.67,3340.71,3343.26
2025-07-15 00:00:00,3344.06,3349.32,3341.23,3347.64
2025-07-15 04:00:00,3347.42,3361.33,3345.86,3360.26
2025-07-15 08:00:00,3360.23,3365.55,3356.73,3361.05
2025-07-15 12:00:00,3361.0,3366.73,3346.42,3348.81
2025-07-15 16:00:00,3349.14,3352.4,3320.25,3329.26
2025-07-15 20:00:00,3329.39,3331.9,3324.6,3324.65
2025-07-16 00:00:00,3324.68,3332.76,3323.78,3330.5
2025-07-16 04:00:00,3330.75,3338.61,3325.11,3338.29
2025-07-16 08:00:00,3338.23,3342.85,3335.78,3342.14
2025-07-16 12:00:00,3342.06,3342.99,3331.01,3334.58
2025-07-16 16:00:00,3334.78,3377.48,3319.62,3349.02
2025-07-16 20:00:00,3349.25,3357.29,3346.1,3346.99
2025-07-17 00:00:00,3350.79,3352.22,3339.69,3340.9
2025-07-17 04:00:00,3340.82,3344.74,3336.26,3342.65
2025-07-17 08:00:00,3342.64,3342.85,3325.21,3328.85
2025-07-17 12:00:00,3328.81,3332.52,3309.9,3313.07
2025-07-17 16:00:00,3313.57,3339.92,3311.27,3338.86
2025-07-17 20:00:00,3338.87,3341.07,3335.62,3338.1
2025-07-18 00:00:00,3341.64,3343.95,3338.03,3339.87
2025-07-18 04:00:00,3339.89,3344.29,3333.87,3337.01
2025-07-18 08:00:00,3336.94,3350.34,3331.8,3347.43
2025-07-18 12:00:00,3347.46,3361.24,3347.45,3359.98
2025-07-18 16:00:00,3360.07,3360.31,3351.22,3353.69
2025-07-18 20:00:00,3353.72,3353.74,3347.65,3350.85
2025-07-19 00:00:00,3353.72,3353.74,3347.65,3350.85
2025-07-19 04:00:00,3353.72,3353.74,3347.65,3350.85
2025-07-19 08:00:00,3353.72,3353.74,3347.65,3350.85
2025-07-19 12:00:00,3353.72,3353.74,3347.65,3350.85
2025-07-19 16:00:00,3353.72,3353.74,3347.65,3350.85
2025-07-19 20:00:00,3353.72,3353.74,3347.65,3350.85
2025-07-20 00:00:00,3353.72,3353.74,3347.65,3350.85
2025-07-20 04:00:00,3353.72,3353.74,3347.65,3350.85
2025-07-20 08:00:00,3353.72,3353.74,3347.65,3350.85
2025-07-20 12:00:00,3353.72,3353.74,3347.65,3350.85
2025-07-20 16:00:00,3353.72,3353.74,3347.65,3350.85
2025-07-20 20:00:00,3353.72,3353.74,3347.65,3350.85
2025-07-21 00:00:00,3350.01,3354.56,3345.0,3352.27
2025-07-21 04:00:00,3352.1,3358.67,3350.72,3357.79
2025-07-21 08:00:00,3357.78,3370.76,3357.63,3365.92
2025-07-21 12:00:00,3365.97,3388.6,3362.85,3387.2
2025-07-21 16:00:00,3387.41,3401.59,3383.71,3395.63
2025-07-21 20:00:00,3395.65,3399.74,3391.56,3397.41
2025-07-22 00:00:00,3399.04,3402.67,3390.52,3394.58
2025-07-22 04:00:00,3394.62,3395.77,3385.17,3391.08
2025-07-22 08:00:00,3391.4,3391.9,3383.26,3389.0
2025-07-22 12:00:00,3388.97,3407.84,3384.65,3407.63
2025-07-22 16:00:00,3407.55,3432.97,3405.19,3432.2
2025-07-22 20:00:00,3432.26,3433.53,3426.55,3429.58
2025-07-23 00:00:00,3430.9,3438.77,3426.26,3428.85
2025-07-23 04:00:00,3428.9,3430.61,3419.26,3423.51
2025-07-23 08:00:00,3423.56,3429.64,3416.41,3428.4
2025-07-23 12:00:00,3428.45,3433.84,3419.95,3419.98
2025-07-23 16:00:00,3419.97,3420.54,3381.52,3387.36
2025-07-23 20:00:00,3387.36,3395.88,3385.76,3388.1
2025-07-24 00:00:00,3390.56,3393.19,3386.44,3391.42
2025-07-24 04:00:00,3391.63,3393.35,3374.79,3382.82
2025-07-24 08:00:00,3382.63,3383.0,3365.88,3369.69
2025-07-24 12:00:00,3369.51,3370.06,3352.66,3353.39
2025-07-24 16:00:00,3353.21,3377.39,3351.39,3366.99
2025-07-24 20:00:00,3366.95,3373.34,3366.23,3367.5
2025-07-25 00:00:00,3369.25,3373.55,3365.3,3372.25
2025-07-25 04:00:00,3372.3,3372.71,3357.81,3361.01
2025-07-25 08:00:00,3361.02,3362.37,3344.55,3345.51
2025-07-25 12:00:00,3345.48,3348.92,3336.28,3340.79
2025-07-25 16:00:00,3340.82,3347.49,3325.08,3329.68
2025-07-25 20:00:00,3329.82,3340.21,3329.62,3336.65
2025-07-26 00:00:00,3329.82,3340.21,3329.62,3336.65
2025-07-26 04:00:00,3329.82,3340.21,3329.62,3336.65
2025-07-26 08:00:00,3329.82,3340.21,3329.62,3336.65
2025-07-26 12:00:00,3329.82,3340.21,3329.62,3336.65
2025-07-26 16:00:00,3329.82,3340.21,3329.62,3336.65
2025-07-26 20:00:00,3329.82,3340.21,3329.62,3336.65
2025-07-27 00:00:00,3329.82,3340.21,3329.62,3336.65
2025-07-27 04:00:00,3329.82,3340.21,3329.62,3336.65
2025-07-27 08:00:00,3329.82,3340.21,3329.62,3336.65
2025-07-27 12:00:00,3329.82,3340.21,3329.62,3336.65
2025-07-27 16:00:00,3329.82,3340.21,3329.62,3336.65
2025-07-27 20:00:00,3329.82,3340.21,3329.62,3336.65
2025-07-28 00:00:00,3331.05,3337.33,3323.89,3333.38
2025-07-28 04:00:00,3333.11,3343.98,3329.98,3339.65
2025-07-28 08:00:00,3339.62,3345.2,3332.38,3335.98
2025-07-28 12:00:00,3335.99,3340.72,3325.5,3328.46
2025-07-28 16:00:00,3328.28,3330.62,3301.8,3312.25
2025-07-28 20:00:00,3312.22,3318.84,3308.81,3314.78
2025-07-29 00:00:00,3314.18,3315.82,3307.94,3311.66
2025-07-29 04:00:00,3311.53,3320.82,3308.58,3316.55
2025-07-29 08:00:00,3316.57,3329.81,3311.29,3326.42
2025-07-29 12:00:00,3326.38,3328.24,3314.97,3323.26
2025-07-29 16:00:00,3323.37,3334.14,3311.99,3323.12
2025-07-29 20:00:00,3323.1,3330.89,3322.43,3325.5
2025-07-30 00:00:00,3327.36,3333.61,3325.98,3330.21
2025-07-30 04:00:00,3330.2,3333.33,3321.92,3327.21
2025-07-30 08:00:00,3326.81,3333.4,3323.25,3332.23
2025-07-30 12:00:00,3332.04,3334.05,3310.74,3313.36
2025-07-30 16:00:00,3312.43,3316.05,3288.7,3298.06
2025-07-30 20:00:00,3298.15,3304.72,3268.17,3275.86
2025-07-31 00:00:00,3277.45,3288.46,3276.45,3286.34
2025-07-31 04:00:00,3286.52,3298.61,3285.27,3298.17
2025-07-31 08:00:00,3298.17,3314.81,3294.7,3310.04
2025-07-31 12:00:00,3309.91,3313.14,3293.8,3307.59
2025-07-31 16:00:00,3307.64,3310.28,3289.65,3295.03
2025-07-31 20:00:00,3294.88,3298.39,3290.08,3290.68
2025-08-01 00:00:00,3291.51,3295.14,3286.47,3290.25
2025-08-01 04:00:00,3290.2,3297.08,3281.59,3292.07
2025-08-01 08:00:00,3292.09,3300.3,3285.31,3294.26
2025-08-01 12:00:00,3294.35,3345.22,3292.79,3341.26
2025-08-01 16:00:00,3341.5,3355.07,3338.85,3347.28
2025-08-01 20:00:00,3347.24,3363.45,3345.57,3363.23
2025-08-02 00:00:00,3347.24,3363.45,3345.57,3363.23
2025-08-02 04:00:00,3347.24,3363.45,3345.57,3363.23
2025-08-02 08:00:00,3347.24,3363.45,3345.57,3363.23
2025-08-02 12:00:00,3347.24,3363.45,3345.57,3363.23
2025-08-02 16:00:00,3347.24,3363.45,3345.57,3363.23
2025-08-02 20:00:00,3347.24,3363.45,3345.57,3363.23
2025-08-03 00:00:00,3347.24,3363.45,3345.57,3363.23
2025-08-03 04:00:00,3347.24,3363.45,3345.57,3363.23
2025-08-03 08:00:00,3347.24,3363.45,3345.57,3363.23
2025-08-03 12:00:00,3347.24,3363.45,3345.57,3363.23
2025-08-03 16:00:00,3347.24,3363.45,3345.57,3363.23
2025-08-03 20:00:00,3347.24,3363.45,3345.57,3363.23
2025-08-04 00:00:00,3362.95,3364.62,3350.26,3352.18
2025-08-04 04:00:00,3352.05,3362.16,3345.07,3358.97
2025-08-04 08:00:00,3358.97,3362.65,3351.7,3358.43
2025-08-04 12:00:00,3358.41,3371.48,3353.03,3367.78
2025-08-04 16:00:00,3367.83,3385.37,3367.13,3370.96
2025-08-04 20:00:00,3370.95,3377.06,3370.7,3374.01
2025-08-05 00:00:00,3376.19,3381.27,3373.6,3379.81
2025-08-05 04:00:00,3379.89,3382.41,3371.08,3371.16
2025-08-05 08:00:00,3371.15,3375.47,3365.72,3366.09
2025-08-05 12:00:00,3366.13,3366.98,3349.99,3366.08
2025-08-05 16:00:00,3366.38,3390.38,3365.95,3382.06
2025-08-05 20:00:00,3382.07,3382.77,3378.15,3380.47
2025-08-06 00:00:00,3381.14,3385.62,3378.19,3383.44
2025-08-06 04:00:00,3383.28,3383.59,3372.11,3372.42
2025-08-06 08:00:00,3372.25,3378.58,3364.87,3365.13
2025-08-06 12:00:00,3365.12,3369.24,3358.24,3367.59
2025-08-06 16:00:00,3367.57,3379.98,3365.47,3376.05
2025-08-06 20:00:00,3376.08,3377.56,3367.15,3368.4
2025-08-07 00:00:00,3372.59,3374.9,3365.3,3372.4
2025-08-07 04:00:00,3372.37,3384.22,3370.29,3377.57
2025-08-07 08:00:00,3377.6,3397.44,3371.68,3378.09
2025-08-07 12:00:00,3378.14,3389.64,3371.74,3380.81
2025-08-07 16:00:00,3380.81,3393.79,3375.39,3388.83
2025-08-07 20:00:00,3388.77,3401.81,3384.37,3395.84
2025-08-08 00:00:00,3402.94,3408.84,3387.83,3389.93
2025-08-08 04:00:00,3389.93,3399.22,3381.19,3394.3
2025-08-08 08:00:00,3394.26,3404.24,3388.68,3394.36
2025-08-08 12:00:00,3394.42,3401.96,3380.52,3391.49
2025-08-08 16:00:00,3391.71,3401.65,3381.31,3397.56
2025-08-08 20:00:00,3397.52,3404.19,3376.62,3397.14
2025-08-09 00:00:00,3397.52,3404.19,3376.62,3397.14
2025-08-09 04:00:00,3397.52,3404.19,3376.62,3397.14
2025-08-09 08:00:00,3397.52,3404.19,3376.62,3397.14
2025-08-09 12:00:00,3397.52,3404.19,3376.62,3397.14
2025-08-09 16:00:00,3397.52,3404.19,3376.62,3397.14
2025-08-09 20:00:00,3397.52,3404.19,3376.62,3397.14
2025-08-10 00:00:00,3397.52,3404.19,3376.62,3397.14
2025-08-10 04:00:00,3397.52,3404.19,3376.62,3397.14
2025-08-10 08:00:00,3397.52,3404.19,3376.62,3397.14
2025-08-10 12:00:00,3397.52,3404.19,3376.62,3397.14
2025-08-10 16:00:00,3397.52,3404.19,3376.62,3397.14
2025-08-10 20:00:00,3397.52,3404.19,3376.62,3397.14
2025-08-11 00:00:00,3400.5,3401.85,3381.59,3381.59
2025-08-11 04:00:00,3381.63,3384.28,3367.8,3375.9
2025-08-11 08:00:00,3375.84,3380.08,3357.31,3361.9
2025-08-11 12:00:00,3361.84,3363.8,3344.54,3356.85
2025-08-11 16:00:00,3356.56,3362.82,3341.47,3344.09
2025-08-11 20:00:00,3344.16,3358.84,3341.4,3342.29
2025-08-12 00:00:00,3344.31,3355.73,3342.54,3354.47
2025-08-12 04:00:00,3354.5,3357.41,3346.25,3354.4
2025-08-12 08:00:00,3354.49,3358.11,3342.3,3347.91
2025-08-12 12:00:00,3347.92,3358.04,3336.09,3349.98
2025-08-12 16:00:00,3349.8,3359.03,3331.13,3349.47
2025-08-12 20:00:00,3349.48,3350.8,3345.6,3348.28
2025-08-13 00:00:00,3349.92,3353.71,3342.72,3343.55
2025-08-13 04:00:00,3343.57,3354.26,3342.9,3351.84
2025-08-13 08:00:00,3351.82,3363.42,3345.78,3360.19
2025-08-13 12:00:00,3360.35,3366.98,3355.56,3358.03
2025-08-13 16:00:00,3358.09,3370.76,3354.26,3357.92
2025-08-13 20:00:00,3358.01,3359.33,3349.97,3355.97
2025-08-14 00:00:00,3357.05,3374.81,3356.7,3369.61
2025-08-14 04:00:00,3369.43,3370.9,3355.4,3360.44
2025-08-14 08:00:00,3360.45,3366.27,3341.74,3346.17
2025-08-14 12:00:00,3346.18,3359.1,3341.97,3350.58
2025-08-14 16:00:00,3350.48,3356.02,3329.85,3334.38
2025-08-14 20:00:00,3334.24,3341.03,3331.91,3334.75
2025-08-15 00:00:00,3336.51,3338.74,3332.2,3337.25
2025-08-15 04:00:00,3337.24,3346.61,3333.33,3345.47
2025-08-15 08:00:00,3345.16,3348.67,3338.37,3341.22
2025-08-15 12:00:00,3341.18,3344.91,3333.59,3342.65
2025-08-15 16:00:00,3342.7,3345.88,3332.89,3338.22
2025-08-15 20:00:00,3338.21,3339.59,3334.43,3336.08
2025-08-16 00:00:00,3338.21,3339.59,3334.43,3336.08
2025-08-16 04:00:00,3338.21,3339.59,3334.43,3336.08
2025-08-16 08:00:00,3338.21,3339.59,3334.43,3336.08
2025-08-16 12:00:00,3338.21,3339.59,3334.43,3336.08
2025-08-16 16:00:00,3338.21,3339.59,3334.43,3336.08
2025-08-16 20:00:00,3338.21,3339.59,3334.43,3336.08
2025-08-17 00:00:00,3338.21,3339.59,3334.43,3336.08
2025-08-17 04:00:00,3338.21,3339.59,3334.43,3336.08
2025-08-17 08:00:00,3338.21,3339.59,3334.43,3336.08
2025-08-17 12:00:00,3338.21,3339.59,3334.43,3336.08
2025-08-17 16:00:00,3338.21,3339.59,3334.43,3336.08
2025-08-17 20:00:00,3338.21,3339.59,3334.43,3336.08
2025-08-18 00:00:00,3335.35,3342.72,3323.62,3340.67
2025-08-18 04:00:00,3340.56,3358.19,3339.64,3357.53
2025-08-18 08:00:00,3357.51,3358.39,3344.58,3348.65
2025-08-18 12:00:00,3348.58,3351.68,3343.16,3344.63
2025-08-18 16:00:00,3344.53,3344.93,3331.76,3334.31
2025-08-18 20:00:00,3334.33,3334.86,3330.24,3332.89
2025-08-19 00:00:00,3333.25,3339.14,3326.04,3335.15
2025-08-19 04:00:00,3335.15,3341.58,3329.71,3337.68
2025-08-19 08:00:00,3337.57,3341.74,3334.46,3338.0
2025-08-19 12:00:00,3338.02,3345.29,3334.32,3334.73
2025-08-19 16:00:00,3334.84,3339.21,3317.04,3317.45
2025-08-19 20:00:00,3317.42,3320.25,3314.89,3315.6
2025-08-20 00:00:00,3316.47,3317.59,3312.78,3315.99
2025-08-20 04:00:00,3316.04,3320.93,3311.55,3318.69
2025-08-20 08:00:00,3318.7,3327.56,3318.16,3324.89
2025-08-20 12:00:00,3324.95,3344.8,3323.52,3342.9
2025-08-20 16:00:00,3342.82,3350.19,3338.93,3345.11
2025-08-20 20:00:00,3345.12,3349.22,3344.02,3347.8
2025-08-21 00:00:00,3351.04,3352.06,3341.44,3342.3
2025-08-21 04:00:00,3342.36,3346.35,3338.0,3338.27
2025-08-21 08:00:00,3338.28,3341.47,3334.29,3339.62
2025-08-21 12:00:00,3339.55,3345.04,3325.17,3341.96
2025-08-21 16:00:00,3341.88,3348.06,3336.25,3339.73
2025-08-21 20:00:00,3339.74,3342.01,3336.62,3338.44
2025-08-22 00:00:00,3339.94,3340.55,3335.08,3339.55
2025-08-22 04:00:00,3339.56,3340.15,3327.99,3328.45
2025-08-22 08:00:00,3328.36,3335.02,3325.37,3328.77
2025-08-22 12:00:00,3328.76,3331.68,3321.44,3323.51
2025-08-22 16:00:00,3323.46,3378.79,3323.29,3370.6
2025-08-22 20:00:00,3370.56,3375.53,3368.92,3371.86
2025-08-23 00:00:00,3370.56,3375.53,3368.92,3371.86
2025-08-23 04:00:00,3370.56,3375.53,3368.92,3371.86
2025-08-23 08:00:00,3370.56,3375.53,3368.92,3371.86
2025-08-23 12:00:00,3370.56,3375.53,3368.92,3371.86
2025-08-23 16:00:00,3370.56,3375.53,3368.92,3371.86
2025-08-23 20:00:00,3370.56,3375.53,3368.92,3371.86
2025-08-24 00:00:00,3370.56,3375.53,3368.92,3371.86
2025-08-24 04:00:00,3370.56,3375.53,3368.92,3371.86
2025-08-24 08:00:00,3370.56,3375.53,3368.92,3371.86
2025-08-24 12:00:00,3370.56,3375.53,3368.92,3371.86
2025-08-24 16:00:00,3370.56,3375.53,3368.92,3371.86
2025-08-24 20:00:00,3370.56,3375.53,3368.92,3371.86
2025-08-25 00:00:00,3368.71,3371.0,3363.28,3364.86
2025-08-25 04:00:00,3364.86,3368.2,3359.81,3366.08
2025-08-25 08:00:00,3366.02,3369.79,3363.07,3363.94
2025-08-25 12:00:00,3363.84,3371.45,3361.98,3364.5
2025-08-25 16:00:00,3364.49,3376.22,3362.17,3373.81
2025-08-25 20:00:00,3373.83,3374.83,3364.22,3365.73
2025-08-26 00:00:00,3366.56,3386.44,3351.29,3383.26
2025-08-26 04:00:00,3383.33,3384.85,3369.84,3377.34
2025-08-26 08:00:00,3377.38,3379.86,3367.32,3376.62
2025-08-26 12:00:00,3376.6,3380.23,3367.29,3371.94
2025-08-26 16:00:00,3371.92,3389.39,3370.39,3382.99
2025-08-26 20:00:00,3383.01,3393.31,3380.33,3392.96
2025-08-27 00:00:00,3390.76,3393.49,3388.76,3389.62
2025-08-27 04:00:00,3389.65,3390.01,3373.89,3374.99
2025-08-27 08:00:00,3375.03,3384.99,3373.81,3384.53
2025-08-27 12:00:00,3384.55,3385.44,3373.84,3381.13
2025-08-27 16:00:00,3381.4,3398.81,3375.65,3395.44
2025-08-27 20:00:00,3395.48,3397.46,3392.32,3397.38
2025-08-28 00:00:00,3398.01,3399.33,3391.36,3392.0
2025-08-28 04:00:00,3391.96,3392.83,3384.6,3390.15
2025-08-28 08:00:00,3390.16,3401.05,3387.71,3400.72
2025-08-28 12:00:00,3400.8,3408.75,3393.99,3396.98
2025-08-28 16:00:00,3397.16,3417.73,3394.59,3415.51
2025-08-28 20:00:00,3415.49,3423.17,3414.67,3417.36
2025-08-29 00:00:00,3417.06,3417.97,3413.06,3413.46
2025-08-29 04:00:00,3413.52,3413.94,3407.62,3408.85
2025-08-29 08:00:00,3408.92,3414.83,3406.57,3410.35
2025-08-29 12:00:00,3410.45,3416.86,3404.36,3416.49
2025-08-29 16:00:00,3416.75,3449.38,3413.69,3449.17
2025-08-29 20:00:00,3449.05,3453.88,3441.0,3448.16
2025-08-30 00:00:00,3449.05,3453.88,3441.0,3448.16
2025-08-30 04:00:00,3449.05,3453.88,3441.0,3448.16
2025-08-30 08:00:00,3449.05,3453.88,3441.0,3448.16
2025-08-30 12:00:00,3449.05,3453.88,3441.0,3448.16
2025-08-30 16:00:00,3449.05,3453.88,3441.0,3448.16
2025-08-30 20:00:00,3449.05,3453.88,3441.0,3448.16
2025-08-31 00:00:00,3449.05,3453.88,3441.0,3448.16
2025-08-31 04:00:00,3449.05,3453.88,3441.0,3448.16
2025-08-31 08:00:00,3449.05,3453.88,3441.0,3448.16
2025-08-31 12:00:00,3449.05,3453.88,3441.0,3448.16
2025-08-31 16:00:00,3449.05,3453.88,3441.0,3448.16
2025-08-31 20:00:00,3449.05,3453.88,3441.0,3448.16
2025-09-01 00:00:00,3445.94,3452.54,3442.46,3444.12
2025-09-01 04:00:00,3444.06,3486.04,3437.12,3475.07
2025-09-01 08:00:00,3475.09,3489.81,3467.88,3477.01
2025-09-01 12:00:00,3477.0,3477.1,3466.4,3469.47
2025-09-01 16:00:00,3469.56,3481.23,3468.96,3477.35
2025-09-01 20:00:00,3477.36,3478.86,3476.14,3476.37
2025-09-02 00:00:00,3476.41,3485.08,3474.55,3479.26
2025-09-02 04:00:00,3479.26,3508.69,3477.09,3496.77
2025-09-02 08:00:00,3496.69,3497.81,3470.34,3477.59
2025-09-02 12:00:00,3477.62,3494.08,3474.03,3482.15
2025-09-02 16:00:00,3482.76,3528.73,3478.32,3527.7
2025-09-02 20:00:00,3527.74,3540.17,3521.93,3534.4
2025-09-03 00:00:00,3532.61,3546.81,3526.3,3536.09
2025-09-03 04:00:00,3536.11,3545.98,3529.36,3536.87
2025-09-03 08:00:00,3536.86,3541.11,3527.09,3540.07
2025-09-03 12:00:00,3540.07,3551.47,3532.38,3550.4
2025-09-03 16:00:00,3550.37,3572.54,3549.44,3572.45
2025-09-03 20:00:00,3572.45,3578.46,3559.62,3560.62
2025-09-04 00:00:00,3560.3,3564.19,3552.16,3561.58
2025-09-04 04:00:00,3561.71,3563.47,3511.45,3533.07
2025-09-04 08:00:00,3533.08,3545.48,3524.59,3541.25
2025-09-04 12:00:00,3541.22,3553.12,3536.67,3548.33
2025-09-04 16:00:00,3548.32,3558.81,3535.07,3552.54
2025-09-04 20:00:00,3552.51,3555.39,3542.61,3545.39
2025-09-05 00:00:00,3545.44,3556.39,3539.79,3552.11
2025-09-05 04:00:00,3552.1,3559.11,3546.15,3558.47
2025-09-05 08:00:00,3558.5,3561.09,3544.86,3546.04
2025-09-05 12:00:00,3546.04,3586.81,3546.01,3580.24
2025-09-05 16:00:00,3580.69,3600.0,3573.44,3595.25
2025-09-05 20:00:00,3595.42,3597.39,3586.49,3587.37
