_source_file,total_return,sharpe_ratio,sortino_ratio,calmar_ratio,max_drawdown,win_rate,total_trades,profit_factor,expectancy,start_capital,end_capital,avg_hold_hours,ulcer_index,omega_0,omega_fees,long_trades,long_win_rate,long_expectancy,chart,symbol,timeframe,trial_id,method,robust_score,trial_uid,base_fast_len,base_slow_len,atr_len,volatility_atr_short,volatility_atr_long,init_atr_mult,catastrophic_stop_atr_mult,chandelier_atr_multiplier,chandelier_atr_period,dma_atr_len,dma_buffer_mult,trail_dma_buffer,upper_outer_mult,lower_outer_mult,upper_inner_mult,lower_inner_mult,adx_period,adx_threshold,adx_dead_threshold,adx_floor,cooldown_bars,dead_bars,ranging_trigger_window,max_equity_heat_pct,max_consec_losses,max_holding_period,partial_pct,min_addon_distance_ATR,session_start,session_end,friday_cutoff_bars,rsi_len,rsi_oversold,slope_len,stoch_k,stoch_d,stoch_smooth,fast_min_len,fast_max_len,slow_min_len,slow_max_len,momentum_len,momentum_lookback,slope_lookback,atr_pct_cap,atr_pct_floor,be_buffer
interactive_sobol_128_20260112_144223.json,0.9878642599603773,0.3010664581801129,0.47958395745628085,0.0037990570632830457,2.228127248892515,42.42424242424242,33,1.2339303897457368,14.967640302430276,50000.0,50493.93212998019,,0.01604643061609334,1.0873858933547722,0.017447557643598618,33,42.42424242424242,0.0003147610309004801,USDJPY_30m_cl_16.csv,USDJPY,30m,934,sobol,-0.5706405207554154,20260112_144223:934,20,70,14,11,90,2.0,3.6,2.4,18,14,1.2,0.9,3.0,2.2,1.1,1.05,8,16,22,15,9,2,4,1.5,4,480,0.25,2.0,09:00,21:00,12,14,32,10,12,3,2,5,30,30,100,14,14,2,0.015,0.0006,0.2
interactive_sobol_128_20260112_144223.json,0.5619565881328162,0.1867581919187057,0.29053641004812786,0.002911759319764542,2.2281272488925454,41.17647058823529,34,1.1146111742793758,8.264067472541726,50000.0,50280.97829406641,,0.015942647822884997,1.0453756840516237,0.02682518767460393,34,41.17647058823529,0.00018227331361721753,USDJPY_30m_cl_15.csv,USDJPY,30m,806,sobol,-0.5712699114176227,20260112_144223:806,20,70,14,11,90,2.0,3.6,2.4,18,14,1.2,0.9,3.0,2.2,1.1,1.05,8,16,22,15,9,2,4,1.5,4,480,0.25,2.0,09:00,21:00,12,14,32,10,12,3,2,5,30,30,100,14,14,2,0.015,0.0006,0.2
interactive_sobol_128_20260112_144223.json,0.5619565881328162,0.1551392451661782,0.24134259568000896,0.0020071814111475863,2.2281272488925454,41.17647058823529,34,1.1146111742793758,8.264067472541726,50000.0,50280.97829406641,,0.01608700387677863,1.045375684051624,0.01865598024606528,34,41.17647058823529,0.00018227331361721753,USDJPY_30m_cl_1.csv,USDJPY,30m,38,sobol,-0.5721744893262396,20260112_144223:38,20,70,14,11,90,2.0,3.6,2.4,18,14,1.2,0.9,3.0,2.2,1.1,1.05,8,16,22,15,9,2,4,1.5,4,480,0.25,2.0,09:00,21:00,12,14,32,10,12,3,2,5,30,30,100,14,14,2,0.015,0.0006,0.2
interactive_sobol_128_20260112_144223.json,4.416536434140974,1.129537349832667,1.9088755286741717,0.020489667715241425,2.4957923277633207,34.375,32,1.7349481431444178,69.0083817834526,50000.0,52208.26821707049,,0.024313977945334676,1.330744405007346,0.03748339799139889,32,34.375,0.0014026657256917814,USDJPY_30m_cl_15.csv,USDJPY,30m,893,sobol,-0.6211360837552524,20260112_144223:893,8,85,18,9,90,2.4,3.0,3.2,30,22,1.0,0.6,2.3,1.9,1.2,1.2,14,28,10,15,2,2,3,2.0,6,360,0.66,2.0,09:00,21:00,4,14,32,10,12,3,2,5,30,30,100,14,14,2,0.015,0.0006,0.2
interactive_sobol_128_20260112_144223.json,8.184860352130345,1.7559742911241274,3.403606964802125,0.036510255598238124,2.602971719648549,30.76923076923077,39,2.464295762687001,104.9341070785943,50000.0,54092.43017606517,,0.022870232978173703,1.4993415604807057,0.04873352627131227,39,30.76923076923077,0.002107578844064752,USDJPY_30m_cl_15.csv,USDJPY,30m,877,sobol,-0.6302454896944077,20260112_144223:877,8,100,28,11,55,1.2,4.2,2.0,26,22,1.0,0.75,3.0,2.5,1.1,1.2,6,16,22,15,9,12,4,1.5,4,360,0.66,1.2,09:00,23:00,4,14,32,10,12,3,2,5,30,30,100,14,14,2,0.015,0.0006,0.2
interactive_sobol_128_20260112_144223.json,1.3880077173486933,0.3359927148087368,0.5444950141357311,0.004764081014719803,2.495792327763204,34.375,32,1.2378753577057637,21.687620583572524,50000.0,50694.00385867435,,0.02449972911319943,1.1094655597296834,0.023123187745918743,32,34.375,0.0004551989956686656,USDJPY_30m_cl_16.csv,USDJPY,30m,1021,sobol,-0.6368616704557448,20260112_144223:1021,8,85,18,9,90,2.4,3.0,3.2,30,22,1.0,0.6,2.3,1.9,1.2,1.2,14,28,10,15,2,2,3,2.0,6,360,0.66,2.0,09:00,21:00,4,14,32,10,12,3,2,5,30,30,100,14,14,2,0.015,0.0006,0.2
interactive_sobol_128_20260112_144223.json,8.184860352130345,1.45860178384568,2.827306014498595,0.024836636488117708,2.602971719648549,30.76923076923077,39,2.464295762687001,104.9341070785943,50000.0,54092.43017606517,,0.023145187497439122,1.4993415604807059,0.03392497715156145,39,30.76923076923077,0.002107578844064752,USDJPY_30m_cl_1.csv,USDJPY,30m,109,sobol,-0.6419191088045282,20260112_144223:109,8,100,28,11,55,1.2,4.2,2.0,26,22,1.0,0.75,3.0,2.5,1.1,1.2,6,16,22,15,9,12,4,1.5,4,360,0.66,1.2,09:00,23:00,4,14,32,10,12,3,2,5,30,30,100,14,14,2,0.015,0.0006,0.2
interactive_sobol_128_20260112_144223.json,5.047034031820934,0.9839841622055245,1.850002203448995,0.016567407949255077,2.602971719648514,30.76923076923077,39,1.929900452112903,64.70556451052461,50000.0,52523.51701591047,,0.023118151510600034,1.3149098827500592,0.03156075533423708,39,30.76923076923077,0.0013154484775730014,USDJPY_30m_cl_16.csv,USDJPY,30m,1005,sobol,-0.6501883373433821,20260112_144223:1005,8,100,28,11,55,1.2,4.2,2.0,26,22,1.0,0.75,3.0,2.5,1.1,1.2,6,16,22,15,9,12,4,1.5,4,360,0.66,1.2,09:00,23:00,4,14,32,10,12,3,2,5,30,30,100,14,14,2,0.015,0.0006,0.2
interactive_sobol_128_20260112_144223.json,7.113856943958701,1.7350194175325109,3.3577909233693393,0.03044033411251139,2.711360477170313,32.25806451612903,31,2.4985418605393224,114.73962812836656,50000.0,53556.92847197935,,0.025902235710781273,1.5612626073527938,0.040385266102783514,31,32.25806451612903,0.0023013613259484887,USDJPY_30m_cl_15.csv,USDJPY,30m,831,sobol,-0.6653603153827444,20260112_144223:831,16,85,10,13,55,1.6,3.6,2.0,26,14,1.0,0.75,2.3,2.9,1.2,1.05,14,28,18,15,9,4,2,2.0,4,480,0.33,0.9,10:00,20:00,2,14,32,10,12,3,2,5,30,30,100,14,14,2,0.015,0.0006,0.2
interactive_sobol_128_20260112_144223.json,7.113856943958701,1.4411974626750188,2.7892475750715375,0.02074524781687376,2.711360477170313,32.25806451612903,31,2.4985418605393224,114.73962812836656,50000.0,53556.92847197935,,0.026281154773167812,1.5612626073527942,0.028062226628668165,31,32.25806451612903,0.0023013613259484887,USDJPY_30m_cl_1.csv,USDJPY,30m,63,sobol,-0.675055401678382,20260112_144223:63,16,85,10,13,55,1.6,3.6,2.0,26,14,1.0,0.75,2.3,2.9,1.2,1.05,14,28,18,15,9,4,2,2.0,4,480,0.33,0.9,10:00,20:00,2,14,32,10,12,3,2,5,30,30,100,14,14,2,0.015,0.0006,0.2
interactive_sobol_128_20260112_144223.json,8.228451096332428,1.7524732408968715,3.42177380667174,0.029091061125924727,3.2843197445496846,27.27272727272727,44,2.3514953568443966,93.50512609468632,50000.0,54114.225548166214,,0.029186062885567604,1.4853088757621467,0.05079270552364177,44,27.27272727272727,0.001877462782478543,USDJPY_30m_cl_15.csv,USDJPY,30m,825,sobol,-0.8070644422403845,20260112_144223:825,12,85,28,7,110,2.0,3.6,2.0,26,14,1.0,0.6,2.3,1.9,1.05,1.1,4,16,18,15,6,15,2,1.5,6,360,0.33,1.2,08:00,21:00,4,14,32,10,12,3,2,5,30,30,100,14,14,2,0.015,0.0006,0.2
interactive_sobol_128_20260112_144223.json,8.228451096332428,1.4556939493668528,2.842396834858751,0.019788158359973253,3.2843197445496846,27.27272727272727,44,2.3514953568443966,93.50512609468632,50000.0,54114.225548166214,,0.029590755424738286,1.4853088757621469,0.03538049726287401,44,27.27272727272727,0.001877462782478543,USDJPY_30m_cl_1.csv,USDJPY,30m,57,sobol,-0.816367345006336,20260112_144223:57,12,85,28,7,110,2.0,3.6,2.0,26,14,1.0,0.6,2.3,1.9,1.05,1.1,4,16,18,15,6,15,2,1.5,6,360,0.33,1.2,08:00,21:00,4,14,32,10,12,3,2,5,30,30,100,14,14,2,0.015,0.0006,0.2
interactive_sobol_128_20260112_144223.json,0.1861331033083843,0.06063845436580424,0.09342475824775776,0.00048589657870906015,3.28431974454972,25.0,44,1.0262604761496223,2.1151489012314073,50000.0,50093.06655165419,,0.02958503935776953,1.0161854949425133,0.02494228217918933,44,25.0,7.864994569673667e-05,USDJPY_30m_cl_16.csv,USDJPY,30m,953,sobol,-0.8356696067876092,20260112_144223:953,12,85,28,7,110,2.0,3.6,2.0,26,14,1.0,0.6,2.3,1.9,1.05,1.1,4,16,18,15,6,15,2,1.5,6,360,0.33,1.2,08:00,21:00,4,14,32,10,12,3,2,5,30,30,100,14,14,2,0.015,0.0006,0.2
interactive_sobol_128_20260112_144223.json,6.139975771954094,1.071017045340638,1.7055367861292554,0.01408057886741968,3.723130032926706,33.33333333333333,36,2.122460321083421,85.27744127714006,50000.0,53069.98788597705,,0.017747374756950214,1.3400513892979338,0.03670685981918745,36,33.33333333333333,0.0017256218280060987,USDJPY_30m_cl_16.csv,USDJPY,30m,961,sobol,-0.9333685960309236,20260112_144223:961,14,85,10,11,140,2.0,2.6,2.8,18,14,1.0,0.75,2.0,1.9,1.2,1.2,10,16,18,15,9,15,5,3.0,6,144,0.33,2.0,06:00,22:00,12,14,32,10,12,3,2,5,30,30,100,14,14,2,0.015,0.0006,0.2
interactive_sobol_128_20260112_144223.json,5.395058592577203,0.9072322078230465,1.4305374554311185,0.011476706588227952,3.7231300329267047,32.432432432432435,37,1.8795995284334894,72.9061971969894,50000.0,52697.5292962886,,0.0177667259563848,1.2895341226165038,0.03410610836295486,37,32.432432432432435,0.0014892060515673592,USDJPY_30m_cl_1.csv,USDJPY,30m,65,sobol,-0.935745700373984,20260112_144223:65,14,85,10,11,140,2.0,2.6,2.8,18,14,1.0,0.75,2.0,1.9,1.2,1.2,10,16,18,15,9,15,5,3.0,6,144,0.33,2.0,06:00,22:00,12,14,32,10,12,3,2,5,30,30,100,14,14,2,0.015,0.0006,0.2
interactive_sobol_128_20260112_144223.json,6.538088087205732,1.3989447852043684,2.2101758389900437,0.02010541902067326,3.7712444107213647,32.432432432432435,37,1.8533258262629146,88.35254171899642,50000.0,53269.044043602866,,0.01758328192714675,1.3895324854378783,0.046835954180529375,37,32.432432432432435,0.0018231032815078775,USDJPY_30m_cl_15.csv,USDJPY,30m,833,sobol,-0.9391455823902036,20260112_144223:833,14,85,10,11,140,2.0,2.6,2.8,18,14,1.0,0.75,2.0,1.9,1.2,1.2,10,16,18,15,9,15,5,3.0,6,144,0.33,2.0,06:00,22:00,12,14,32,10,12,3,2,5,30,30,100,14,14,2,0.015,0.0006,0.2
interactive_sobol_128_20260112_144223.json,2.4273398996578615,0.5502095028814511,0.8320140511068945,0.0070154100648518606,4.000259035596618,26.47058823529412,34,1.4355856302026089,35.696174994968786,50000.0,51213.66994982893,,0.03672129894601666,1.1451219474747303,0.03836569400743826,34,26.47058823529412,0.000746814590781443,USDJPY_30m_cl_15.csv,USDJPY,30m,850,sobol,-1.0101992073485535,20260112_144223:850,16,55,28,13,55,2.4,2.6,3.2,26,18,1.4,0.6,2.0,1.9,1.1,1.1,14,16,22,15,13,9,5,3.0,6,600,0.5,1.5,09:00,20:00,2,14,32,10,12,3,2,5,30,30,100,14,14,2,0.015,0.0006,0.2
interactive_sobol_128_20260112_144223.json,2.4273398996578615,0.4570545555212359,0.6911368895317274,0.004820029632847397,4.000259035596618,26.47058823529412,34,1.4355856302026089,35.696174994968786,50000.0,51213.66994982893,,0.03723025528771662,1.1451219474747303,0.02673813455586824,34,26.47058823529412,0.000746814590781443,USDJPY_30m_cl_1.csv,USDJPY,30m,82,sobol,-1.012394587780558,20260112_144223:82,16,55,28,13,55,2.4,2.6,3.2,26,18,1.4,0.6,2.0,1.9,1.1,1.1,14,16,22,15,13,9,5,3.0,6,600,0.5,1.5,09:00,20:00,2,14,32,10,12,3,2,5,30,30,100,14,14,2,0.015,0.0006,0.2
interactive_sobol_128_20260112_144223.json,5.61949246668398,1.1218230975284007,1.948366894775395,0.015863162207692957,4.105430043254436,25.49019607843137,51,1.7702830161567646,55.09306339886224,50000.0,52809.74623334199,,0.03905750294276364,1.2637754513017205,0.054632716639783765,51,25.49019607843137,0.0011321573085261408,USDJPY_30m_cl_15.csv,USDJPY,30m,873,sobol,-1.024497149446196,20260112_144223:873,12,85,14,5,70,1.2,3.6,3.2,18,18,1.2,0.6,2.6,1.9,1.2,1.05,4,28,10,15,6,15,6,3.0,5,96,0.5,1.5,08:00,22:00,4,14,32,10,12,3,2,5,30,30,100,14,14,2,0.015,0.0006,0.2
interactive_sobol_128_20260112_144223.json,6.365995912539482,1.095051155341058,1.9269423722177512,0.013237399846751369,4.105430043254422,26.0,50,1.9587144544772563,63.65995912539486,50000.0,53182.99795626974,,0.03961009722656016,1.3069330499267626,0.041075945539316955,50,26.0,0.0012952356927012207,USDJPY_30m_cl_16.csv,USDJPY,30m,1001,sobol,-1.0272622465905852,20260112_144223:1001,12,85,14,5,70,1.2,3.6,3.2,18,18,1.2,0.6,2.6,1.9,1.2,1.05,4,28,10,15,6,15,6,3.0,5,96,0.5,1.5,08:00,22:00,4,14,32,10,12,3,2,5,30,30,100,14,14,2,0.015,0.0006,0.2
interactive_sobol_128_20260112_144223.json,5.61949246668398,0.9318735563908062,1.6184681418903721,0.0108385740450161,4.105430043254436,25.49019607843137,51,1.7702830161567646,55.09306339886224,50000.0,52809.74623334199,,0.03968333900519522,1.2637754513017205,0.03817675130320521,51,25.49019607843137,0.0011321573085261408,USDJPY_30m_cl_1.csv,USDJPY,30m,105,sobol,-1.029521737608873,20260112_144223:105,12,85,14,5,70,1.2,3.6,3.2,18,18,1.2,0.6,2.6,1.9,1.2,1.05,4,28,10,15,6,15,6,3.0,5,96,0.5,1.5,08:00,22:00,4,14,32,10,12,3,2,5,30,30,100,14,14,2,0.015,0.0006,0.2
interactive_sobol_128_20260112_144223.json,3.3072691007154207,0.9487839792783737,1.7860957543174536,0.009339992823852058,4.0965902314011,29.411764705882355,34,1.6045026124307777,48.63631030463837,50000.0,51653.63455035771,,0.03924818001654661,1.2682194214932145,0.030879185801286783,34,29.411764705882355,0.0010305602583805928,USDJPY_30m_cl_15.csv,USDJPY,30m,778,sobol,-1.0319574235406739,20260112_144223:778,18,55,22,13,70,1.2,3.0,3.2,26,22,1.2,0.6,2.0,2.9,1.05,1.05,6,16,18,15,9,2,3,3.0,6,240,0.5,1.2,06:00,23:00,6,14,32,10,12,3,2,5,30,30,100,14,14,2,0.015,0.0006,0.2
interactive_sobol_128_20260112_144223.json,3.6581071991520444,0.8702505854347428,1.6469310923896558,0.007084480932411641,4.0965902314010965,29.411764705882355,34,1.713585111667384,53.79569410517705,50000.0,51829.05359957602,,0.03978131544777376,1.3038548147019724,0.021468942431316872,34,29.411764705882355,0.0011291539813190958,USDJPY_30m_cl_1.csv,USDJPY,30m,10,sobol,-1.0342129354321135,20260112_144223:10,18,55,22,13,70,1.2,3.0,3.2,26,22,1.2,0.6,2.0,2.9,1.05,1.05,6,16,18,15,9,2,3,3.0,6,240,0.5,1.2,06:00,23:00,6,14,32,10,12,3,2,5,30,30,100,14,14,2,0.015,0.0006,0.2
interactive_sobol_128_20260112_144223.json,2.565740278253201,0.5280018416859156,0.7952278485542545,0.004878518837854349,4.177070094988923,33.33333333333333,33,1.3307548345893274,38.87485270080606,50000.0,51282.8701391266,,0.02460386646753483,1.1685240902434473,0.026617380826945314,33,33.33333333333333,0.0008224470030727109,USDJPY_30m_cl_1.csv,USDJPY,30m,125,sobol,-1.0567967705049461,20260112_144223:125,8,85,18,9,90,2.4,3.0,3.2,30,22,1.0,0.6,2.3,1.9,1.2,1.2,14,28,10,15,2,2,3,2.0,6,360,0.66,2.0,09:00,21:00,4,14,32,10,12,3,2,5,30,30,100,14,14,2,0.015,0.0006,0.2
interactive_sobol_128_20260112_144223.json,4.64890198945957,1.0445039221292876,1.533158269060919,0.011959311258474286,4.5017490497434505,26.08695652173913,46,1.4745045334059033,50.531543363691355,50000.0,52324.450994729785,,0.04268107202475738,1.259507427155945,0.042763519560126265,46,26.08695652173913,0.0010785773497170262,USDJPY_30m_cl_15.csv,USDJPY,30m,803,sobol,-1.128222146792878,20260112_144223:803,22,100,14,11,110,2.4,2.6,3.2,30,22,0.8,0.75,2.3,1.9,1.1,1.05,10,16,14,15,4,4,4,2.0,4,96,0.66,1.2,07:00,23:00,6,14,32,10,12,3,2,5,30,30,100,14,14,2,0.015,0.0006,0.2
interactive_sobol_128_20260112_144223.json,5.662506131241316,0.9363222717558934,1.494338386870406,0.010403346001993781,4.648787658885185,34.285714285714285,35,1.7425898952778247,80.89294473201893,50000.0,52831.25306562066,,0.03125281042854199,1.2817171181198126,0.040873021850564226,35,34.285714285714285,0.0016679326889554645,USDJPY_30m_cl_16.csv,USDJPY,30m,976,sobol,-1.1686966538138728,20260112_144223:976,14,55,18,15,70,2.0,4.2,3.2,22,18,1.0,0.75,2.3,2.5,1.05,1.05,4,32,22,15,1,2,4,2.0,5,600,0.33,1.2,07:00,20:00,2,14,32,10,12,3,2,5,30,30,100,14,14,2,0.015,0.0006,0.2
interactive_sobol_128_20260112_144223.json,2.9016221836363982,0.794700828049419,1.3779586040244343,0.007156783979993597,4.689099835188802,22.950819672131146,61,1.2984226337782003,23.78378839046212,50000.0,51450.8110918182,,0.043546275027600626,1.2022506342272676,0.03367719724339294,61,22.950819672131146,0.000517714995972792,USDJPY_30m_cl_15.csv,USDJPY,30m,843,sobol,-1.1779218628104966,20260112_144223:843,20,85,22,13,110,1.2,2.6,2.8,18,18,0.8,0.6,2.6,2.5,1.2,1.1,10,28,18,15,6,9,5,1.0,6,360,0.66,1.2,10:00,21:00,12,14,32,10,12,3,2,5,30,30,100,14,14,2,0.015,0.0006,0.2
interactive_sobol_128_20260112_144223.json,2.9016221836363982,0.6601476683218197,1.1446417548140333,0.004913066585812729,4.689099835188802,22.950819672131146,61,1.2984226337782003,23.78378839046212,50000.0,51450.8110918182,,0.04460539182127247,1.2022506342272676,0.02342801438777561,61,22.950819672131146,0.000517714995972792,USDJPY_30m_cl_1.csv,USDJPY,30m,75,sobol,-1.1801655802046773,20260112_144223:75,20,85,22,13,110,1.2,2.6,2.8,18,18,0.8,0.6,2.6,2.5,1.2,1.1,10,28,18,15,6,9,5,1.0,6,360,0.66,1.2,10:00,21:00,12,14,32,10,12,3,2,5,30,30,100,14,14,2,0.015,0.0006,0.2
interactive_sobol_128_20260112_144223.json,1.8791229218748051,0.47702706718355525,0.7585211285768082,0.004466148655476481,4.862412101678244,26.865671641791046,67,1.142777066938638,14.023305387125731,50000.0,50939.5614609374,,0.045508694938019144,1.106872271999945,0.039593665181706914,67,26.865671641791046,0.0003290447723656718,USDJPY_30m_cl_15.csv,USDJPY,30m,878,sobol,-1.223353821199715,20260112_144223:878,22,55,18,9,110,2.0,3.0,2.8,22,18,1.4,0.75,2.3,1.9,1.1,1.05,10,28,14,15,1,6,3,2.0,6,240,0.25,1.5,07:00,18:00,9,14,32,10,12,3,2,5,30,30,100,14,14,2,0.015,0.0006,0.2
interactive_sobol_128_20260112_144223.json,1.1641094848319191,0.25180591080217496,0.3948630449914076,0.001904149975078517,4.86241210167827,26.47058823529412,68,1.0845352800879904,8.559628564940724,50000.0,50582.05474241596,,0.04614611751212275,1.066017890689182,0.027582658490283008,68,26.47058823529412,0.0002209446742392993,USDJPY_30m_cl_1.csv,USDJPY,30m,110,sobol,-1.2258256566963057,20260112_144223:110,22,55,18,9,110,2.0,3.0,2.8,22,18,1.4,0.75,2.3,1.9,1.1,1.05,10,28,14,15,1,6,3,2.0,6,240,0.25,1.5,07:00,18:00,9,14,32,10,12,3,2,5,30,30,100,14,14,2,0.015,0.0006,0.2
interactive_sobol_128_20260112_144223.json,3.2501882975105403,0.6086304299128736,0.9131104343135675,0.007706825950208868,4.8788089228999905,29.166666666666668,48,1.3673782624492143,33.85612809906836,50000.0,51625.09414875527,,0.046531316265101756,1.1273887366294748,0.05821151128810806,48,29.166666666666668,0.0007208069190731453,USDJPY_30m_cl_15.csv,USDJPY,30m,849,sobol,-1.2264291615045293,20260112_144223:849,14,100,18,9,110,1.6,3.6,2.4,22,14,1.0,0.9,2.6,2.5,1.1,1.2,4,24,14,15,2,4,3,1.0,4,96,0.33,1.2,07:00,23:00,9,14,32,10,12,3,2,5,30,30,100,14,14,2,0.015,0.0006,0.2
interactive_sobol_128_20260112_144223.json,3.979945840831875,0.6371129491601873,0.9621088075449151,0.006975437272053423,4.878808922899889,29.78723404255319,47,1.4851980719682567,42.33984937055172,50000.0,51989.97292041594,,0.04715744824897621,1.1580863392214527,0.043872341774386224,47,29.78723404255319,0.0008855424258667962,USDJPY_30m_cl_16.csv,USDJPY,30m,977,sobol,-1.2273132926027084,20260112_144223:977,14,100,18,9,110,1.6,3.6,2.4,22,14,1.0,0.9,2.6,2.5,1.1,1.2,4,24,14,15,2,4,3,1.0,4,96,0.33,1.2,07:00,23:00,9,14,32,10,12,3,2,5,30,30,100,14,14,2,0.015,0.0006,0.2
interactive_sobol_128_20260112_144223.json,3.2501882975105403,0.5055837384239238,0.7585019802620664,0.005287434936104352,4.8788089228999905,29.166666666666668,48,1.3673782624492143,33.85612809906836,50000.0,51625.09414875527,,0.047237802795399186,1.1273887366294748,0.04079683641308631,48,29.166666666666668,0.0007208069190731453,USDJPY_30m_cl_1.csv,USDJPY,30m,81,sobol,-1.228848552518634,20260112_144223:81,14,100,18,9,110,1.6,3.6,2.4,22,14,1.0,0.9,2.6,2.5,1.1,1.2,4,24,14,15,2,4,3,1.0,4,96,0.33,1.2,07:00,23:00,9,14,32,10,12,3,2,5,30,30,100,14,14,2,0.015,0.0006,0.2
interactive_sobol_128_20260112_144223.json,4.5658277104605665,0.8806092978584213,1.3911739452549203,0.01063509157073616,4.971510491910829,33.33333333333333,36,1.5306998479883998,63.41427375639731,50000.0,52282.91385523028,,0.031040970697008657,1.2186151383837984,0.054297133943767645,36,33.33333333333333,0.0013334359898139964,USDJPY_30m_cl_15.csv,USDJPY,30m,848,sobol,-1.2489091980736378,20260112_144223:848,14,55,18,15,70,2.0,4.2,3.2,22,18,1.0,0.75,2.3,2.5,1.05,1.05,4,32,22,15,1,2,4,2.0,5,600,0.33,1.2,07:00,20:00,2,14,32,10,12,3,2,5,30,30,100,14,14,2,0.015,0.0006,0.2
interactive_sobol_128_20260112_144223.json,4.5658277104605665,0.7315088568295152,1.15561946585147,0.007279724910765212,4.971510491910829,33.33333333333333,36,1.5306998479883998,63.41427375639731,50000.0,52282.91385523028,,0.031291838553557924,1.2186151383837984,0.037968329862075385,36,33.33333333333333,0.0013334359898139964,USDJPY_30m_cl_1.csv,USDJPY,30m,80,sobol,-1.2522645647336086,20260112_144223:80,14,55,18,15,70,2.0,4.2,3.2,22,18,1.0,0.75,2.3,2.5,1.05,1.05,4,32,22,15,1,2,4,2.0,5,600,0.33,1.2,07:00,20:00,2,14,32,10,12,3,2,5,30,30,100,14,14,2,0.015,0.0006,0.2
interactive_sobol_128_20260112_144223.json,1.2156154246605875,0.2748036739428105,0.41290747686847784,0.0027406416394394058,5.123349646129908,26.027397260273972,73,1.1106434971215133,8.326133045620779,50000.0,50607.807712330294,,0.04777810248962346,1.0580030127338402,0.04752655667996403,73,26.027397260273972,0.0001876808610367185,USDJPY_30m_cl_15.csv,USDJPY,30m,792,sobol,-1.2898008846126507,20260112_144223:792,12,55,28,13,55,1.6,3.6,3.2,22,22,0.8,0.9,2.3,2.2,1.05,1.1,10,32,18,15,1,9,5,1.5,5,240,0.33,1.5,10:00,22:00,4,14,32,10,12,3,2,5,30,30,100,14,14,2,0.015,0.0006,0.2
interactive_sobol_128_20260112_144223.json,1.2156154246605875,0.22827809291614298,0.342993713685022,0.0018870295384418017,5.123349646129908,26.027397260273972,73,1.1106434971215133,8.326133045620779,50000.0,50607.807712330294,,0.04838584043133296,1.0580030127338402,0.03324953641655143,73,26.027397260273972,0.0001876808610367185,USDJPY_30m_cl_1.csv,USDJPY,30m,24,sobol,-1.2906544967136482,20260112_144223:24,12,55,28,13,55,1.6,3.6,3.2,22,22,0.8,0.9,2.3,2.2,1.05,1.1,10,32,18,15,1,9,5,1.5,5,240,0.33,1.5,10:00,22:00,4,14,32,10,12,3,2,5,30,30,100,14,14,2,0.015,0.0006,0.2
interactive_sobol_128_20260112_144223.json,1.9357366141093952,0.4384080631659195,0.7309771285654214,0.0038841816401814465,5.759637954819509,20.253164556962027,79,1.2022839086282309,12.251497557654062,50000.0,50967.8683070547,,0.053606376667736634,1.0924796063549196,0.04695429454742895,79,20.253164556962027,0.00026320911106107324,USDJPY_30m_cl_15.csv,USDJPY,30m,861,sobol,-1.4472761860739563,20260112_144223:861,8,120,14,11,70,1.2,3.6,2.4,22,22,0.8,0.75,2.0,2.9,1.05,1.2,14,28,14,15,4,9,2,1.0,6,360,0.66,1.5,09:00,20:00,6,14,32,10,12,3,2,5,30,30,100,14,14,2,0.015,0.0006,0.2
interactive_sobol_128_20260112_144223.json,1.9357366141093952,0.36418272183182776,0.6072076045872351,0.0026709914656352974,5.759637954819509,20.253164556962027,79,1.2022839086282309,12.251497557654062,50000.0,50967.8683070547,,0.054868705163812335,1.0924796063549196,0.0328250840460637,79,20.253164556962027,0.00026320911106107324,USDJPY_30m_cl_1.csv,USDJPY,30m,93,sobol,-1.4484893762485023,20260112_144223:93,8,120,14,11,70,1.2,3.6,2.4,22,22,0.8,0.75,2.0,2.9,1.05,1.2,14,28,14,15,4,9,2,1.0,6,360,0.66,1.5,09:00,20:00,6,14,32,10,12,3,2,5,30,30,100,14,14,2,0.015,0.0006,0.2
interactive_sobol_128_20260112_144223.json,0.34016414157761027,0.08753560174442314,0.13327176669872137,0.0005032500817068617,5.794590461973066,28.30188679245283,53,1.047997559668566,3.2090956752606985,50000.0,50170.082070788805,,0.056124204732712325,1.0260372375575193,0.026861133466634296,53,28.30188679245283,8.806499196006285e-05,USDJPY_30m_cl_16.csv,USDJPY,30m,913,sobol,-1.4618804218064287,20260112_144223:913,14,85,22,15,70,1.2,2.6,2.4,26,14,1.2,0.9,3.0,1.9,1.05,1.05,8,32,10,15,9,15,4,2.0,5,480,0.5,0.9,06:00,23:00,12,14,32,10,12,3,2,5,30,30,100,14,14,2,0.015,0.0006,0.2
interactive_sobol_128_20260112_144223.json,0.37620333514886445,0.1174868866689435,0.17841336516534972,0.0007049929505288064,6.159828683532479,27.77777777777778,54,1.0391266229918588,3.4833642143412646,50000.0,50188.10166757443,,0.05902955619395176,1.0306343655122805,0.030952845102545333,54,27.77777777777778,0.00012139600709449945,USDJPY_30m_cl_15.csv,USDJPY,30m,785,sobol,-1.5528604542813864,20260112_144223:785,14,85,22,15,70,1.2,2.6,2.4,26,14,1.2,0.9,3.0,1.9,1.05,1.05,8,32,10,15,9,15,4,2.0,5,480,0.5,0.9,06:00,23:00,12,14,32,10,12,3,2,5,30,30,100,14,14,2,0.015,0.0006,0.2
interactive_sobol_128_20260112_144223.json,0.37620333514886445,0.09759589940735602,0.1482042978567748,0.0004861382073594635,6.159828683532479,27.77777777777778,54,1.0391266229918588,3.4833642143412646,50000.0,50188.10166757443,,0.059831820039565116,1.0306343655122805,0.02155719943312166,54,27.77777777777778,0.00012139600709449945,USDJPY_30m_cl_1.csv,USDJPY,30m,17,sobol,-1.5530793090245556,20260112_144223:17,14,85,22,15,70,1.2,2.6,2.4,26,14,1.2,0.9,3.0,1.9,1.05,1.05,8,32,10,15,9,15,4,2.0,5,480,0.5,0.9,06:00,23:00,12,14,32,10,12,3,2,5,30,30,100,14,14,2,0.015,0.0006,0.2
interactive_sobol_128_20260112_144223.json,0.2657040165985818,0.07496143182844243,0.12466797723669415,0.00036182115103155403,6.295717546936018,21.794871794871796,78,1.0308342149311975,1.70323087563213,50000.0,50132.85200829929,,0.058576597649443174,1.018039305978773,0.028608387526808818,78,21.794871794871796,4.846494216524647e-05,USDJPY_30m_cl_16.csv,USDJPY,30m,945,sobol,-1.584890335924419,20260112_144223:945,14,120,10,5,55,2.4,4.2,3.2,18,14,1.4,0.75,2.6,2.9,1.2,1.05,10,32,14,15,9,6,2,3.0,5,360,0.5,1.2,06:00,18:00,4,14,32,10,12,3,2,5,30,30,100,14,14,2,0.015,0.0006,0.2
interactive_sobol_128_20260112_144223.json,3.9227854278091105,0.6824228723908379,1.0251295322595069,0.006970812781068617,6.513461502635902,23.61111111111111,72,1.2437603715251018,27.241565470896575,50000.0,51961.392713904555,,0.0617749632431835,1.133756967061241,0.06719824047352954,72,23.61111111111111,0.0006043487479182844,USDJPY_30m_cl_15.csv,USDJPY,30m,800,sobol,-1.6331796758976826,20260112_144223:800,14,70,10,13,110,1.2,4.2,2.0,30,22,1.2,0.9,2.6,2.5,1.2,1.2,6,16,14,15,1,2,5,3.0,6,240,0.5,1.5,07:00,18:00,2,14,32,10,12,3,2,5,30,30,100,14,14,2,0.015,0.0006,0.2
interactive_sobol_128_20260112_144223.json,3.9227854278091105,0.5668814906876825,0.8515539315115767,0.00477686287851385,6.513461502635902,23.61111111111111,72,1.2437603715251018,27.241565470896575,50000.0,51961.392713904555,,0.06282943648669934,1.133756967061241,0.04720468035490046,72,23.61111111111111,0.0006043487479182844,USDJPY_30m_cl_1.csv,USDJPY,30m,32,sobol,-1.6353736258002374,20260112_144223:32,14,70,10,13,110,1.2,4.2,2.0,30,22,1.2,0.9,2.6,2.5,1.2,1.2,6,16,14,15,1,2,5,3.0,6,240,0.5,1.5,07:00,18:00,2,14,32,10,12,3,2,5,30,30,100,14,14,2,0.015,0.0006,0.2
interactive_sobol_128_20260112_144223.json,0.3146036825378105,0.07596944106749928,0.11013434355670844,0.0004140739551797515,6.513461502635863,22.857142857142858,70,1.0211760261707703,2.247169160984555,50000.0,50157.301841268905,,0.06270495664245693,1.0169800480680813,0.04327185769263946,70,22.857142857142858,0.00010317842209160844,USDJPY_30m_cl_16.csv,USDJPY,30m,928,sobol,-1.63990358779713,20260112_144223:928,14,70,10,13,110,1.2,4.2,2.0,30,22,1.2,0.9,2.6,2.5,1.2,1.2,6,16,14,15,1,2,5,3.0,6,240,0.5,1.5,07:00,18:00,2,14,32,10,12,3,2,5,30,30,100,14,14,2,0.015,0.0006,0.2
interactive_sobol_128_20260112_144223.json,0.27685347290564094,0.08965693681795105,0.12405184527457849,0.00044753507738243487,7.140366576786553,21.428571428571427,56,1.0242042084527672,2.4719060080859663,50000.0,50138.42673645282,,0.0668138559478127,1.0221568702857058,0.032066724765495866,56,21.428571428571427,0.00010478619948636908,USDJPY_30m_cl_15.csv,USDJPY,30m,798,sobol,-1.798007171214877,20260112_144223:798,22,40,18,15,90,2.4,3.6,3.2,22,18,1.0,0.75,3.0,2.9,1.05,1.2,10,24,18,15,4,15,6,2.0,5,480,0.66,0.9,06:00,21:00,6,14,32,10,12,3,2,5,30,30,100,14,14,2,0.015,0.0006,0.2
interactive_sobol_128_20260112_144223.json,4.465127324928297,0.8084929699262693,1.2255408874475948,0.005967169123532548,8.664486801376201,42.42424242424242,33,1.3666577215755855,67.65344431709548,50000.0,52232.56366246415,,0.041273711444402124,1.2106394861736784,0.056174129048747294,33,42.42424242424242,0.0014568055712453236,USDJPY_30m_cl_15.csv,USDJPY,30m,788,sobol,-2.1775622968160877,20260112_144223:788,8,70,18,9,70,1.6,4.2,2.0,30,14,1.4,0.75,2.0,2.9,1.1,1.1,14,16,14,15,1,12,6,3.0,4,600,0.25,1.2,09:00,21:00,2,14,32,10,12,3,2,5,30,30,100,14,14,2,0.015,0.0006,0.2
interactive_sobol_128_20260112_144223.json,4.465127324928297,0.6716043588910368,1.0180315053785811,0.004085243951547596,8.664486801376201,42.42424242424242,33,1.3666577215755855,67.65344431709548,50000.0,52232.56366246415,,0.041344343892953245,1.2106394861736782,0.03930659707039376,33,42.42424242424242,0.0014568055712453236,USDJPY_30m_cl_1.csv,USDJPY,30m,20,sobol,-2.1794442219880725,20260112_144223:20,8,70,18,9,70,1.6,4.2,2.0,30,14,1.4,0.75,2.0,2.9,1.1,1.1,14,16,14,15,1,12,6,3.0,4,600,0.25,1.2,09:00,21:00,2,14,32,10,12,3,2,5,30,30,100,14,14,2,0.015,0.0006,0.2
interactive_sobol_128_20260112_144223.json,0.3391332565713965,0.10127070982850131,0.1721945227149463,0.0004347061506427585,9.005192355194037,25.423728813559322,118,1.0198402272525169,1.4370053244550576,50000.0,50169.5666282857,,0.07680880634642624,1.0148539752992731,0.05202514642896307,118,25.423728813559322,6.298893064887123e-05,USDJPY_30m_cl_15.csv,USDJPY,30m,882,sobol,-2.2600691288268497,20260112_144223:882,16,55,14,9,70,1.2,4.2,2.4,18,18,1.2,0.75,2.3,2.9,1.2,1.05,10,16,18,15,6,2,5,2.0,6,480,0.5,2.0,08:00,23:00,9,14,32,10,12,3,2,5,30,30,100,14,14,2,0.015,0.0006,0.2
interactive_sobol_128_20260112_144223.json,0.19409335060686864,0.06693362187574835,0.09659859554534612,0.00023886231749057252,9.37849163563238,25.675675675675674,74,1.0110665708888547,1.311441558154641,50000.0,50097.046675303434,,0.09012031782776046,1.012984687300767,0.056181816186270425,74,25.675675675675674,8.034887073741733e-05,USDJPY_30m_cl_15.csv,USDJPY,30m,885,sobol,-2.3560088104649863,20260112_144223:885,10,120,18,5,140,2.0,2.6,2.0,22,22,1.4,0.6,2.6,2.9,1.1,1.05,8,24,22,15,1,9,4,1.0,5,480,0.25,2.0,07:00,18:00,4,14,32,10,12,3,2,5,30,30,100,14,14,2,0.015,0.0006,0.2
interactive_sobol_128_20260112_144223.json,0.19409335060686864,0.05560150830803393,0.080242458368971,0.0001647645607349296,9.37849163563238,25.675675675675674,74,1.0110665708888547,1.311441558154641,50000.0,50097.046675303434,,0.09126321647529034,1.012984687300767,0.039442470326197895,74,25.675675675675674,8.034887073741733e-05,USDJPY_30m_cl_1.csv,USDJPY,30m,117,sobol,-2.356082908221742,20260112_144223:117,10,120,18,5,140,2.0,2.6,2.0,22,22,1.4,0.6,2.6,2.9,1.1,1.05,8,24,22,15,1,9,4,1.0,5,480,0.25,2.0,07:00,18:00,4,14,32,10,12,3,2,5,30,30,100,14,14,2,0.015,0.0006,0.2
