time,Open,High,Low,Close
2024-01-14,2578.36,2579.08,2470.5,2474.11
2024-01-15,2474.11,2554.54,2471.95,2512.16
2024-01-16,2512.09,2613.71,2500.26,2587.32
2024-01-17,2587.42,2592.88,2505.99,2530.86
2024-01-18,2530.77,2549.83,2428.55,2471.23
2024-01-19,2471.24,2504.52,2415.62,2492.33
2024-01-20,2492.29,2492.29,2454.01,2472.19
2024-01-21,2472.19,2482.38,2452.36,2457.14
2024-01-22,2457.11,2466.43,2302.82,2314.43
2024-01-23,2314.4,2351.28,2167.56,2241.93
2024-01-24,2242.01,2264.3,2195.46,2234.98
2024-01-25,2234.98,2242.8,2170.23,2218.28
2024-01-26,2218.23,2281.89,2195.32,2267.14
2024-01-27,2267.17,2282.96,2250.71,2267.38
2024-01-28,2267.25,2308.02,2238.29,2256.2
2024-01-29,2256.19,2322.4,2232.39,2316.77
2024-01-30,2316.72,2391.92,2295.96,2342.48
2024-01-31,2342.44,2351.33,2262.24,2282.43
2024-02-01,2282.4,2311.75,2237.94,2303.43
2024-02-02,2303.48,2324.54,2281.18,2308.54
2024-02-03,2308.54,2329.98,2291.69,2295.73
2024-02-04,2295.73,2311.31,2264.82,2288.99
2024-02-05,2288.99,2338.08,2267.95,2301.16
2024-02-06,2301.02,2391.91,2298.18,2371.88
2024-02-07,2371.87,2444.86,2352.87,2424.47
2024-02-08,2424.43,2463.56,2411.22,2419.04
2024-02-09,2419.05,2526.16,2418.56,2485.94
2024-02-10,2485.94,2516.25,2470.65,2499.62
2024-02-11,2499.61,2539.69,2492.45,2506.7
2024-02-12,2506.82,2667.75,2471.11,2660.63
2024-02-13,2660.7,2688.2,2589.77,2640.7
2024-02-14,2640.84,2788.67,2619.06,2775.92
2024-02-15,2775.98,2870.29,2760.53,2824.32
2024-02-16,2824.32,2859.25,2736.92,2803.4
2024-02-17,2803.44,2805.75,2718.52,2787.11
2024-02-18,2787.24,2899.09,2764.46,2883.28
2024-02-19,2883.27,2988.19,2858.13,2946.18
2024-02-20,2946.17,3036.26,2874.4,3016.72
2024-02-21,3016.75,3019.27,2867.73,2969.24
2024-02-22,2969.24,3041.76,2906.92,2972.31
2024-02-23,2972.22,2995.17,2906.57,2922.98
2024-02-24,2922.92,3008.62,2906.94,2993.89
2024-02-25,2993.77,3130.81,2984.95,3114.58
2024-02-26,3114.61,3198.75,3038.08,3177.99
2024-02-27,3178.0,3292.04,3167.94,3244.35
2024-02-28,3244.46,3499.96,3177.48,3385.97
2024-02-29,3386.0,3530.2,3300.53,3342.57
2024-03-01,3342.64,3453.3,3341.74,3434.78
2024-03-02,3434.88,3474.89,3395.03,3423.79
2024-03-03,3423.72,3495.73,3358.22,3490.98
2024-03-04,3491.04,3643.79,3420.9,3629.28
2024-03-05,3629.15,3827.15,3205.02,3554.6
2024-03-06,3554.34,3905.64,3500.54,3821.88
2024-03-07,3821.91,3938.21,3736.01,3870.69
2024-03-08,3870.76,4000.82,3826.08,3884.82
2024-03-09,3884.96,3945.32,3872.07,3907.54
2024-03-10,3907.58,3969.75,3793.23,3880.68
2024-03-11,3880.9,4093.54,3719.22,4069.47
2024-03-12,4069.49,4097.63,3832.4,3983.35
2024-03-13,3983.41,4089.67,3934.13,4008.12
2024-03-14,4007.88,4015.05,3724.55,3884.31
2024-03-15,3884.36,3937.49,3567.89,3744.22
2024-03-16,3744.4,3784.62,3468.39,3525.42
2024-03-17,3525.5,3681.0,3413.69,3646.32
2024-03-18,3646.39,3647.37,3455.22,3522.72
2024-03-19,3522.64,3551.0,3152.03,3159.86
2024-03-20,3159.85,3537.72,3055.03,3516.64
2024-03-21,3516.81,3589.14,3413.54,3494.28
2024-03-22,3494.26,3544.55,3249.24,3338.61
2024-03-23,3338.69,3437.22,3271.39,3330.4
2024-03-24,3330.44,3473.77,3301.0,3456.81
2024-03-25,3456.97,3663.33,3421.75,3592.17
2024-03-26,3592.25,3681.85,3545.14,3589.33
2024-03-27,3589.36,3671.65,3462.17,3504.6
2024-03-28,3504.66,3615.34,3466.56,3563.42
2024-03-29,3563.4,3588.05,3475.03,3511.91
2024-03-30,3511.72,3569.51,3486.67,3508.22
2024-03-31,3508.24,3660.58,3507.12,3648.19
2024-04-01,3648.19,3649.14,3414.0,3506.07
2024-04-02,3506.11,3508.1,3211.33,3280.26
2024-04-03,3280.23,3369.73,3202.42,3312.81
2024-04-04,3312.7,3445.89,3251.94,3329.28
2024-04-05,3329.38,3349.88,3208.85,3318.93
2024-04-06,3318.9,3400.6,3307.58,3352.46
2024-04-07,3352.47,3461.64,3344.81,3455.47
2024-04-08,3455.4,3733.02,3408.17,3697.06
2024-04-09,3697.05,3729.18,3453.24,3507.48
2024-04-10,3507.42,3565.72,3411.85,3547.21
2024-04-11,3547.23,3620.07,3474.5,3503.7
2024-04-12,3503.7,3554.62,3063.85,3237.86
2024-04-13,3237.74,3303.47,2796.35,3004.9
2024-04-14,3005.19,3173.75,2903.45,3153.54
2024-04-15,3153.34,3277.2,3022.13,3100.97
2024-04-16,3101.19,3126.31,2983.3,3083.07
2024-04-17,3083.08,3122.85,2913.09,2983.84
2024-04-18,2983.83,3094.09,2951.35,3062.81
2024-04-19,3063.34,3128.84,2863.07,3055.42
2024-04-20,3055.3,3170.85,3017.21,3154.44
2024-04-21,3154.42,3196.34,3115.43,3146.3
2024-04-22,3146.3,3235.49,3127.46,3199.02
2024-04-23,3199.08,3263.2,3150.69,3218.52
2024-04-24,3218.52,3292.23,3102.55,3139.27
2024-04-25,3139.27,3190.68,3070.89,3154.83
2024-04-26,3154.88,3167.54,3100.87,3130.42
2024-04-27,3130.48,3284.39,3065.62,3254.35
2024-04-28,3254.41,3362.27,3249.4,3262.62
2024-04-29,3262.79,3286.9,3114.52,3216.11
2024-04-30,3216.23,3250.32,2919.42,3013.34
2024-05-01,3013.27,3022.63,2814.97,2971.06
2024-05-02,2971.06,3015.85,2891.13,2985.34
2024-05-03,2985.27,3126.57,2957.3,3101.59
2024-05-04,3101.68,3168.19,3091.4,3116.1
2024-05-05,3116.13,3171.63,3071.37,3135.5
2024-05-06,3135.53,3221.51,3044.72,3061.85
2024-05-07,3061.86,3129.1,2998.97,3005.19
2024-05-08,3005.04,3037.88,2935.03,2973.43
2024-05-09,2973.4,3058.97,2949.84,3035.12
2024-05-10,3035.12,3053.63,2877.57,2909.47
2024-05-11,2909.52,2945.23,2885.68,2911.63
2024-05-12,2911.71,2954.61,2900.12,2928.21
2024-05-13,2928.25,2996.13,2863.76,2950.1
2024-05-14,2950.09,2960.37,2860.1,2881.4
2024-05-15,2881.48,3039.97,2862.79,3031.0
2024-05-16,3030.97,3040.13,2921.73,2944.01
2024-05-17,2944.07,3119.49,2932.0,3091.29
2024-05-18,3091.2,3146.55,3082.83,3122.42
2024-05-19,3122.47,3136.33,3052.03,3070.49
2024-05-20,3070.4,3697.93,3046.86,3664.25
2024-05-21,3664.26,3846.94,3627.83,3791.73
2024-05-22,3791.7,3815.92,3655.29,3739.68
2024-05-23,3739.75,3950.96,3526.82,3784.27
2024-05-24,3784.28,3831.88,3628.65,3728.78
2024-05-25,3728.78,3780.24,3709.34,3750.93
2024-05-26,3750.97,3885.26,3731.91,3827.08
2024-05-27,3827.15,3979.84,3824.19,3895.59
2024-05-28,3895.58,3933.58,3775.3,3846.24
2024-05-29,3846.27,3890.6,3746.02,3768.99
2024-05-30,3769.01,3827.59,3703.79,3749.4
2024-05-31,3749.36,3853.32,3724.65,3763.83
2024-06-01,3763.84,3835.38,3753.84,3816.97
2024-06-02,3817.15,3840.25,3753.43,3783.21
2024-06-03,3783.28,3853.26,3759.18,3768.53
2024-06-04,3768.54,3834.59,3725.71,3812.38
2024-06-05,3812.43,3890.42,3778.74,3867.81
2024-06-06,3867.86,3881.13,3759.73,3815.11
2024-06-07,3815.02,3843.62,3566.37,3679.73
2024-06-08,3679.74,3710.7,3661.97,3682.01
2024-06-09,3682.01,3723.86,3667.17,3707.03
2024-06-10,3707.03,3714.66,3643.76,3668.96
2024-06-11,3668.89,3673.97,3427.9,3497.47
2024-06-12,3497.4,3657.43,3461.46,3560.04
2024-06-13,3560.02,3561.71,3427.3,3469.07
2024-06-14,3469.08,3532.23,3361.06,3480.75
2024-06-15,3480.74,3594.28,3472.27,3568.17
2024-06-16,3568.19,3653.68,3540.06,3623.08
2024-06-17,3623.09,3637.47,3464.75,3510.0
2024-06-18,3509.98,3516.18,3343.85,3482.58
2024-06-19,3482.61,3587.22,3464.5,3559.22
2024-06-20,3559.23,3624.99,3484.79,3511.65
2024-06-21,3511.64,3547.01,3445.14,3517.46
2024-06-22,3517.48,3520.46,3474.28,3494.56
2024-06-23,3494.55,3520.13,3403.94,3419.83
2024-06-24,3419.78,3435.29,3214.2,3351.8
2024-06-25,3351.81,3429.16,3335.66,3393.36
2024-06-26,3393.36,3425.37,3325.63,3370.81
2024-06-27,3370.93,3476.75,3360.55,3450.09
2024-06-28,3450.02,3487.51,3364.26,3379.54
2024-06-29,3379.54,3407.67,3370.76,3378.02
2024-06-30,3378.07,3459.85,3351.3,3437.08
2024-07-01,3437.08,3523.83,3421.68,3441.05
2024-07-02,3441.05,3463.82,3400.23,3420.78
2024-07-03,3420.8,3431.86,3249.89,3294.93
2024-07-04,3295.1,3312.95,3049.44,3059.49
2024-07-05,3059.48,3108.64,2804.98,2980.64
2024-07-06,2980.63,3080.56,2953.91,3066.02
2024-07-07,3066.12,3072.49,2921.58,2930.64
2024-07-08,2930.56,3096.43,2821.49,3017.96
2024-07-09,3017.92,3114.79,3002.92,3065.62
2024-07-10,3065.65,3150.29,3022.86,3099.82
2024-07-11,3099.86,3216.27,3053.19,3098.75
2024-07-12,3098.69,3157.13,3045.2,3133.59
2024-07-13,3133.62,3201.43,3112.3,3174.74
2024-07-14,3174.61,3267.53,3162.19,3244.18
2024-07-15,3244.02,3494.18,3231.7,3482.2
2024-07-16,3482.12,3497.69,3345.4,3443.41
2024-07-17,3443.38,3517.09,3374.96,3386.71
2024-07-18,3386.56,3488.52,3365.75,3425.66
2024-07-19,3425.66,3540.31,3375.72,3503.14
2024-07-20,3503.2,3539.29,3478.77,3516.58
2024-07-21,3516.63,3547.35,3409.54,3535.07
2024-07-22,3535.09,3562.83,3421.39,3438.7
2024-07-23,3438.64,3540.83,3388.08,3481.6
2024-07-24,3481.66,3487.32,3288.56,3334.88
2024-07-25,3334.81,3341.91,3085.95,3174.19
2024-07-26,3174.12,3285.46,3169.66,3273.36
2024-07-27,3273.28,3327.1,3189.55,3248.39
2024-07-28,3248.34,3284.12,3197.18,3268.86
2024-07-29,3268.93,3396.49,3256.72,3317.26
2024-07-30,3317.26,3365.63,3231.47,3278.47
2024-07-31,3278.43,3349.28,3212.49,3232.13
2024-08-01,3232.08,3242.25,3079.14,3202.36
2024-08-02,3202.33,3217.59,2966.25,2988.57
2024-08-03,2988.55,3017.3,2857.09,2902.46
2024-08-04,2902.42,2933.55,2621.49,2688.05
2024-08-05,2688.03,2696.47,2119.75,2418.78
2024-08-06,2418.82,2554.41,2413.82,2460.19
2024-08-07,2460.15,2550.49,2306.9,2341.9
2024-08-08,2341.81,2724.61,2319.22,2681.99
2024-08-09,2681.9,2706.72,2551.45,2598.12
2024-08-10,2597.79,2644.55,2574.93,2609.24
2024-08-11,2609.27,2719.46,2539.03,2554.98
2024-08-12,2554.95,2749.94,2506.81,2721.66
2024-08-13,2721.67,2737.63,2609.88,2701.56
2024-08-14,2701.56,2781.17,2631.14,2660.25
2024-08-15,2660.27,2674.67,2514.62,2569.21
2024-08-16,2569.21,2630.49,2549.66,2591.99
2024-08-17,2592.0,2626.99,2586.32,2613.67
2024-08-18,2613.74,2686.97,2593.37,2611.3
2024-08-19,2611.31,2647.79,2562.29,2635.53
2024-08-20,2635.4,2694.7,2553.33,2571.78
2024-08-21,2571.74,2663.14,2534.01,2629.82
2024-08-22,2629.77,2644.07,2582.79,2622.28
2024-08-23,2622.32,2799.18,2620.44,2762.04
2024-08-24,2762.09,2819.58,2730.54,2767.06
2024-08-25,2767.03,2791.85,2732.16,2745.1
2024-08-26,2745.19,2761.33,2665.88,2679.79
2024-08-27,2679.74,2699.07,2388.49,2456.53
2024-08-28,2456.5,2554.27,2418.1,2527.64
2024-08-29,2527.63,2594.77,2504.85,2526.7
2024-08-30,2526.69,2552.04,2431.28,2525.28
2024-08-31,2525.25,2533.5,2490.96,2512.32
2024-09-01,2512.28,2515.54,2397.9,2424.87
2024-09-02,2424.87,2564.68,2422.52,2537.13
2024-09-03,2537.21,2553.07,2411.75,2424.47
2024-09-04,2424.39,2489.45,2304.22,2449.76
2024-09-05,2449.75,2465.29,2346.89,2367.84
2024-09-06,2367.77,2408.34,2149.64,2224.2
2024-09-07,2224.19,2310.67,2221.02,2272.7
2024-09-08,2272.69,2332.79,2239.65,2296.48
2024-09-09,2296.4,2380.9,2271.99,2358.42
2024-09-10,2358.46,2399.47,2319.56,2387.96
2024-09-11,2388.02,2388.78,2276.34,2339.68
2024-09-12,2339.67,2391.76,2314.2,2361.28
2024-09-13,2361.26,2465.05,2336.68,2438.71
2024-09-14,2438.72,2440.13,2374.18,2417.22
2024-09-15,2417.22,2430.06,2282.27,2315.26
2024-09-16,2315.26,2335.21,2251.36,2294.93
2024-09-17,2294.95,2393.25,2262.43,2341.03
2024-09-18,2341.01,2375.97,2276.0,2374.37
2024-09-19,2374.42,2494.98,2371.93,2464.81
2024-09-20,2464.8,2571.41,2436.6,2560.88
2024-09-21,2560.9,2622.72,2528.17,2612.05
2024-09-22,2612.06,2632.08,2523.3,2580.35
2024-09-23,2580.42,2702.97,2538.75,2646.39
2024-09-24,2646.41,2670.53,2590.69,2652.68
2024-09-25,2652.75,2673.75,2554.14,2579.59
2024-09-26,2579.66,2665.91,2558.22,2631.39
2024-09-27,2631.46,2727.84,2614.34,2693.94
2024-09-28,2693.95,2703.97,2649.09,2674.46
2024-09-29,2674.5,2683.28,2633.28,2656.88
2024-09-30,2656.89,2663.09,2573.71,2601.72
2024-10-01,2601.67,2658.91,2412.4,2447.11
2024-10-02,2447.09,2498.62,2350.84,2363.25
2024-10-03,2363.07,2402.69,2309.03,2349.02
2024-10-04,2348.99,2440.89,2338.47,2413.81
2024-10-05,2413.75,2427.82,2389.15,2413.89
2024-10-06,2413.89,2457.33,2406.23,2439.21
2024-10-07,2439.15,2520.93,2401.8,2421.87
2024-10-08,2421.91,2466.4,2400.13,2440.01
2024-10-09,2440.01,2473.33,2350.14,2369.86
2024-10-10,2369.83,2420.91,2329.8,2385.6
2024-10-11,2385.61,2470.94,2381.25,2438.82
2024-10-12,2438.76,2490.08,2433.44,2475.62
2024-10-13,2475.61,2484.61,2435.55,2468.24
2024-10-14,2468.28,2653.82,2442.41,2629.34
2024-10-15,2629.46,2688.97,2536.49,2606.87
2024-10-16,2606.91,2647.55,2588.33,2610.65
2024-10-17,2610.67,2648.05,2574.8,2605.21
2024-10-18,2605.2,2675.71,2595.91,2641.66
2024-10-19,2641.66,2663.26,2630.46,2648.07
2024-10-20,2648.08,2760.15,2635.12,2747.16
2024-10-21,2747.22,2770.51,2655.31,2666.64
2024-10-22,2666.61,2671.68,2605.97,2622.27
2024-10-23,2622.29,2627.72,2445.57,2524.05
2024-10-24,2524.04,2561.7,2506.42,2535.54
2024-10-25,2535.58,2566.39,2381.06,2440.08
2024-10-26,2440.09,2507.72,2429.46,2482.11
2024-10-27,2482.13,2527.78,2463.46,2507.54
2024-10-28,2507.53,2590.08,2470.64,2566.88
2024-10-29,2566.9,2682.38,2560.73,2639.34
2024-10-30,2639.35,2723.55,2600.41,2659.49
2024-10-31,2659.42,2669.89,2503.21,2518.59
2024-11-01,2518.56,2587.32,2467.14,2511.59
2024-11-02,2511.66,2523.68,2469.15,2493.92
2024-11-03,2493.92,2496.29,2410.34,2457.35
2024-11-04,2457.33,2491.37,2356.38,2397.86
2024-11-05,2397.84,2480.03,2379.98,2421.88
2024-11-06,2421.89,2746.36,2419.57,2722.74
2024-11-07,2722.74,2916.91,2700.55,2895.97
2024-11-08,2895.97,2983.52,2887.11,2962.54
2024-11-09,2962.54,3158.88,2954.83,3127.22
2024-11-10,3127.17,3252.02,3072.4,3185.01
2024-11-11,3185.11,3391.26,3106.64,3374.3
2024-11-12,3374.41,3448.34,3210.85,3245.3
2024-11-13,3245.34,3334.46,3118.82,3188.55
2024-11-14,3188.63,3242.1,3030.39,3060.13
2024-11-15,3060.13,3133.0,3015.62,3091.31
2024-11-16,3091.22,3222.3,3072.98,3134.2
2024-11-17,3134.34,3164.18,3035.54,3077.64
2024-11-18,3077.72,3227.17,3051.97,3209.79
2024-11-19,3209.85,3223.97,3066.15,3108.93
2024-11-20,3108.93,3161.18,3030.39,3070.91
2024-11-21,3070.91,3389.79,3033.12,3358.07
2024-11-22,3358.11,3429.94,3260.34,3329.46
2024-11-23,3329.48,3498.69,3314.52,3395.74
2024-11-24,3395.78,3451.69,3283.38,3362.6
2024-11-25,3362.64,3549.37,3301.79,3416.45
2024-11-26,3416.4,3464.61,3254.03,3326.72
2024-11-27,3326.76,3687.74,3304.1,3655.48
2024-11-28,3655.49,3664.28,3531.33,3581.08
2024-11-29,3581.06,3647.96,3536.22,3593.88
2024-11-30,3593.81,3741.46,3570.04,3705.23
2024-12-01,3705.2,3749.28,3660.57,3710.42
2024-12-02,3710.5,3765.42,3558.07,3645.92
2024-12-03,3645.9,3673.3,3503.17,3616.55
2024-12-04,3616.58,3889.99,3616.58,3840.68
2024-12-05,3840.58,3959.15,3619.36,3787.04
2024-12-06,3787.09,4091.38,3779.81,4001.4
2024-12-07,4001.39,4027.47,3969.67,3998.86
2024-12-08,3998.8,4018.8,3925.68,4006.79
2024-12-09,4006.83,4008.26,3482.19,3712.64
2024-12-10,3712.69,3781.09,3515.69,3628.22
2024-12-11,3628.25,3847.86,3562.51,3831.23
2024-12-12,3831.28,3988.11,3795.96,3881.15
2024-12-13,3881.15,3968.26,3852.51,3906.38
2024-12-14,3906.41,3945.41,3824.26,3869.51
2024-12-15,3869.57,3975.1,3830.5,3959.65
2024-12-16,3959.69,4109.57,3882.85,3985.7
2024-12-17,3985.72,4040.93,3846.16,3891.48
2024-12-18,3891.48,3907.1,3616.55,3625.97
2024-12-19,3626.0,3719.07,3324.92,3416.5
2024-12-20,3416.49,3496.67,3101.18,3471.23
2024-12-21,3471.16,3553.82,3291.86,3338.01
2024-12-22,3338.04,3402.18,3219.73,3281.14
2024-12-23,3281.18,3466.03,3215.79,3421.25
2024-12-24,3421.24,3539.59,3356.77,3492.52
2024-12-25,3492.51,3547.14,3439.72,3496.2
2024-12-26,3496.22,3514.59,3303.32,3333.74
2024-12-27,3333.76,3443.69,3306.56,3332.34
2024-12-28,3332.34,3427.61,3321.2,3403.02
2024-12-29,3403.04,3413.44,3325.04,3355.69
2024-12-30,3355.75,3436.93,3303.87,3360.47
2024-12-31,3360.48,3451.43,3314.52,3336.71
2025-01-01,3336.71,3374.31,3313.32,3359.68
2025-01-02,3359.66,3510.87,3353.91,3455.21
2025-01-03,3455.24,3630.33,3422.23,3608.63
2025-01-04,3608.63,3670.9,3571.75,3656.42
2025-01-05,3656.48,3675.57,3592.72,3635.26
2025-01-06,3635.31,3744.79,3609.48,3686.15
2025-01-07,3686.19,3700.78,3355.69,3379.85
2025-01-08,3379.78,3414.19,3206.71,3326.11
2025-01-09,3326.1,3356.59,3156.01,3218.7
2025-01-10,3218.71,3321.43,3193.95,3266.06
2025-01-11,3265.96,3319.8,3217.83,3282.37
2025-01-12,3282.36,3299.75,3223.26,3266.25
2025-01-13,3266.4,3338.38,2909.99,3136.74
2025-01-14,3136.76,3256.01,3124.82,3224.47
2025-01-15,3224.48,3473.28,3185.79,3450.31
2025-01-16,3450.43,3459.42,3264.46,3307.29
2025-01-17,3307.3,3525.55,3307.0,3472.97
2025-01-18,3473.01,3493.81,3226.27,3307.22
2025-01-19,3307.21,3449.78,3129.98,3214.46
2025-01-20,3214.33,3455.79,3142.19,3283.67
2025-01-21,3283.68,3368.6,3203.56,3327.15
2025-01-22,3327.15,3366.2,3221.74,3242.45
2025-01-23,3242.43,3348.52,3183.5,3338.38
2025-01-24,3338.45,3429.18,3274.57,3309.28
2025-01-25,3309.24,3350.35,3268.18,3318.47
2025-01-26,3318.49,3361.42,3228.01,3231.14
2025-01-27,3231.09,3253.14,3020.18,3181.41
2025-01-28,3181.49,3222.4,3038.42,3076.39
2025-01-29,3076.41,3181.24,3053.01,3112.96
2025-01-30,3113.07,3283.06,3089.93,3246.63
2025-01-31,3246.48,3436.95,3212.69,3300.17
2025-02-01,3300.16,3331.48,3100.79,3116.39
2025-02-02,3116.32,3162.08,2742.57,2868.67
2025-02-03,2868.72,2919.73,2087.03,2878.88
2025-02-04,2878.82,2887.69,2631.28,2730.38
2025-02-05,2730.45,2826.61,2698.25,2787.44
2025-02-06,2787.41,2857.28,2653.71,2685.75
2025-02-07,2685.76,2796.75,2561.07,2621.01
2025-02-08,2620.95,2667.05,2587.69,2631.42
2025-02-09,2631.45,2698.51,2519.78,2626.5
2025-02-10,2626.54,2693.25,2558.39,2660.47
2025-02-11,2660.42,2724.92,2556.57,2601.6
2025-02-12,2601.56,2795.07,2546.24,2737.72
2025-02-13,2737.82,2757.03,2611.99,2675.01
2025-02-14,2675.06,2791.27,2663.47,2725.18
2025-02-15,2725.22,2738.54,2661.93,2692.23
2025-02-16,2692.2,2726.14,2650.94,2660.4
2025-02-17,2660.44,2849.02,2635.41,2743.4
2025-02-18,2743.4,2756.5,2604.59,2671.12
2025-02-19,2671.14,2736.23,2655.02,2714.57
2025-02-20,2714.59,2770.34,2706.07,2737.23
2025-02-21,2737.25,2845.15,2615.55,2661.79
2025-02-22,2661.84,2798.24,2652.22,2763.08
2025-02-23,2763.09,2857.36,2744.72,2819.21
2025-02-24,2819.23,2839.61,2466.51,2512.81
2025-02-25,2512.78,2533.13,2304.86,2495.1
2025-02-26,2495.15,2507.31,2253.41,2335.6
2025-02-27,2335.69,2381.05,2229.47,2306.95
2025-02-28,2306.97,2313.55,2075.2,2236.88
2025-03-01,2236.93,2280.09,2141.7,2217.01
2025-03-02,2216.99,2550.9,2171.63,2517.93
2025-03-03,2517.94,2523.67,2095.65,2148.47
2025-03-04,2148.48,2221.47,1988.32,2171.0
2025-03-05,2170.99,2272.97,2154.62,2241.0
2025-03-06,2240.91,2319.57,2175.62,2201.63
2025-03-07,2201.57,2257.72,2101.05,2141.04
2025-03-08,2141.04,2234.53,2103.78,2203.11
2025-03-09,2203.11,2211.55,1988.45,2019.48
2025-03-10,2019.63,2152.18,1809.04,1864.58
2025-03-11,1864.61,1964.4,1753.49,1922.88
2025-03-12,1922.87,1956.01,1829.19,1907.59
2025-03-13,1907.57,1921.47,1820.73,1864.13
2025-03-14,1864.21,1945.27,1860.82,1910.98
2025-03-15,1910.94,1957.2,1902.93,1936.59
2025-03-16,1936.53,1940.36,1859.9,1886.28
2025-03-17,1886.3,1951.94,1878.96,1925.65
2025-03-18,1925.69,1935.75,1871.57,1930.96
2025-03-19,1931.01,2069.51,1927.33,2055.62
2025-03-20,2055.63,2067.49,1951.53,1983.14
2025-03-21,1983.12,1996.14,1936.09,1965.23
2025-03-22,1965.18,2005.93,1963.73,1979.87
2025-03-23,1979.89,2020.31,1976.04,2005.42
2025-03-24,2005.46,2103.56,1976.81,2080.64
2025-03-25,2080.64,2097.52,2036.27,2065.63
2025-03-26,2065.58,2078.06,1980.7,2008.93
2025-03-27,2008.89,2036.99,1986.0,2003.21
2025-03-28,2003.18,2015.51,1859.54,1896.42
2025-03-29,1896.42,1913.21,1796.57,1827.71
2025-03-30,1827.74,1848.45,1766.44,1807.28
2025-03-31,1807.43,1853.67,1776.09,1821.93
2025-04-01,1821.88,1927.42,1817.23,1904.58
2025-04-02,1904.6,1956.16,1780.88,1794.42
2025-04-03,1794.41,1844.98,1748.25,1816.68
2025-04-04,1816.8,1835.13,1757.92,1816.34
2025-04-05,1816.36,1826.97,1763.76,1805.36
2025-04-06,1805.42,1816.74,1536.93,1580.22
2025-04-07,1580.24,1638.03,1410.72,1552.67
2025-04-08,1552.66,1618.38,1446.6,1473.04
2025-04-09,1473.04,1688.43,1384.29,1669.02
2025-04-10,1669.02,1669.55,1472.35,1521.85
2025-04-11,1521.81,1590.83,1504.21,1566.24
2025-04-12,1566.08,1669.39,1545.33,1643.71
2025-04-13,1643.85,1649.45,1561.42,1597.28
2025-04-14,1597.25,1690.98,1595.09,1623.22
2025-04-15,1623.27,1660.79,1582.51,1588.17
2025-04-16,1588.11,1613.89,1537.85,1576.85
2025-04-17,1576.84,1616.45,1562.54,1583.12
2025-04-18,1583.13,1600.24,1572.91,1588.13
2025-04-19,1588.15,1631.35,1584.56,1612.87
2025-04-20,1612.73,1618.74,1565.04,1586.95
2025-04-21,1586.96,1658.19,1562.45,1578.94
2025-04-22,1578.93,1778.4,1536.93,1755.74
2025-04-23,1755.75,1834.9,1744.63,1794.65
2025-04-24,1794.65,1802.48,1722.01,1768.92
2025-04-25,1768.94,1826.7,1737.81,1783.75
2025-04-26,1783.78,1840.62,1778.2,1820.0
2025-04-27,1820.07,1856.91,1781.45,1790.37
2025-04-28,1790.33,1826.42,1743.38,1799.06
2025-04-29,1799.09,1842.25,1779.61,1796.6
2025-04-30,1796.57,1815.99,1730.59,1792.7
2025-05-01,1792.66,1872.58,1791.62,1837.26
2025-05-02,1837.26,1870.34,1812.11,1841.17
2025-05-03,1841.22,1847.9,1808.41,1832.61
2025-05-04,1832.57,1849.33,1801.88,1807.76
2025-05-05,1807.75,1832.79,1780.47,1819.37
2025-05-06,1819.45,1820.15,1750.83,1816.18
2025-05-07,1816.19,1849.71,1786.05,1810.13
2025-05-08,1810.18,2225.72,1807.7,2206.63
2025-05-09,2206.49,2490.67,2183.84,2344.31
2025-05-10,2344.34,2599.92,2316.34,2582.1
2025-05-11,2581.71,2606.64,2434.36,2513.36
2025-05-12,2513.49,2623.25,2406.71,2494.04
2025-05-13,2494.27,2738.39,2414.69,2678.85
2025-05-14,2678.82,2724.14,2546.48,2608.6
2025-05-15,2608.74,2646.11,2477.69,2547.87
2025-05-16,2547.79,2647.45,2527.95,2535.83
2025-05-17,2535.82,2536.69,2445.35,2474.27
2025-05-18,2474.38,2586.67,2315.29,2496.78
2025-05-19,2496.91,2546.57,2347.66,2527.02
2025-05-20,2527.09,2587.11,2442.21,2523.1
2025-05-21,2523.15,2615.37,2451.01,2549.86
2025-05-22,2550.07,2692.29,2543.57,2663.58
2025-05-23,2663.82,2733.23,2497.15,2525.59
2025-05-24,2525.53,2574.63,2514.26,2528.99
2025-05-25,2529.19,2553.06,2463.13,2550.09
2025-05-26,2550.2,2598.48,2524.1,2562.87
2025-05-27,2562.75,2711.51,2508.61,2659.85
2025-05-28,2659.84,2688.36,2607.62,2680.25
2025-05-29,2680.31,2788.51,2618.02,2630.48
2025-05-30,2630.46,2648.19,2506.55,2529.79
2025-05-31,2529.81,2549.29,2474.93,2527.01
2025-06-01,2526.99,2546.79,2467.39,2538.04
2025-06-02,2538.09,2614.24,2473.62,2606.64
2025-06-03,2606.64,2654.68,2576.29,2591.83
2025-06-04,2592.05,2678.46,2582.28,2606.69
2025-06-05,2606.66,2640.13,2390.28,2413.05
2025-06-06,2413.1,2529.38,2382.4,2475.31
2025-06-07,2475.31,2543.37,2455.84,2523.54
2025-06-08,2523.4,2547.78,2490.47,2508.35
2025-06-09,2508.35,2693.27,2476.58,2679.18
2025-06-10,2679.16,2826.45,2654.75,2815.5
2025-06-11,2815.51,2878.36,2742.37,2770.58
2025-06-12,2770.44,2783.65,2614.82,2641.19
2025-06-13,2641.34,2644.11,2436.47,2577.88
2025-06-14,2577.96,2578.21,2487.41,2529.51
2025-06-15,2529.6,2558.21,2490.35,2546.22
2025-06-16,2546.25,2679.53,2513.67,2543.11
2025-06-17,2543.21,2617.45,2452.29,2508.91
2025-06-18,2508.96,2547.49,2464.82,2523.61
2025-06-19,2523.58,2546.02,2483.57,2519.99
2025-06-20,2520.02,2568.26,2364.07,2405.37
2025-06-21,2405.35,2447.01,2213.81,2294.59
2025-06-22,2294.63,2312.89,2111.14,2226.46
2025-06-23,2226.36,2437.75,2187.11,2410.38
2025-06-24,2410.39,2481.12,2375.07,2447.52
2025-06-25,2447.55,2467.34,2388.62,2417.29
2025-06-26,2417.37,2519.72,2392.89,2414.87
2025-06-27,2414.7,2462.7,2380.77,2422.0
2025-06-28,2422.05,2446.99,2404.69,2434.63
2025-06-29,2434.8,2524.46,2410.86,2499.19
2025-06-30,2499.32,2523.18,2433.28,2483.82
2025-07-01,2484.15,2499.53,2384.52,2403.68
2025-07-02,2403.68,2618.27,2372.13,2569.45
2025-07-03,2569.38,2634.59,2555.28,2590.12
2025-07-04,2590.13,2602.02,2473.11,2506.87
2025-07-05,2506.89,2528.66,2486.35,2515.16
2025-07-06,2515.18,2604.63,2502.29,2569.2
2025-07-07,2569.24,2589.79,2511.7,2541.12
2025-07-08,2541.3,2627.72,2522.31,2613.52
2025-07-09,2614.03,2794.53,2589.01,2767.63
2025-07-10,2767.63,3006.49,2754.25,2950.55
2025-07-11,2950.56,3040.08,2913.55,2957.43
2025-07-12,2957.03,2978.67,2903.09,2941.97
2025-07-13,2942.03,3019.56,2934.96,2970.71
2025-07-14,2970.62,3083.53,2961.68,3012.55
2025-07-15,3012.55,3145.26,2931.74,3138.97
2025-07-16,3138.17,3423.23,3101.0,3370.89
2025-07-17,3370.97,3524.36,3311.15,3476.72
2025-07-18,3476.71,3674.98,3458.37,3546.79
2025-07-19,3546.99,3608.61,3506.58,3591.64
2025-07-20,3591.65,3824.43,3579.07,3756.57
2025-07-21,3756.62,3859.24,3701.15,3761.88
2025-07-22,3762.29,3799.2,3618.79,3746.46
2025-07-23,3746.7,3764.77,3527.32,3628.23
2025-07-24,3628.29,3771.47,3506.26,3706.45
2025-07-25,3706.67,3747.11,3572.56,3724.47
2025-07-26,3724.38,3794.07,3699.3,3740.63
2025-07-27,3740.66,3879.21,3729.41,3871.71
2025-07-28,3871.9,3941.35,3752.51,3796.47
2025-07-29,3796.51,3885.78,3714.53,3792.03
2025-07-30,3792.03,3832.66,3675.64,3808.7
2025-07-31,3808.74,3877.27,3682.31,3696.65
2025-08-01,3696.57,3722.39,3429.31,3486.14
2025-08-02,3486.34,3536.02,3366.7,3392.56
2025-08-03,3392.59,3520.44,3354.01,3494.44
2025-08-04,3495.17,3735.24,3489.37,3719.3
2025-08-05,3719.28,3720.02,3543.94,3610.12
2025-08-06,3610.21,3697.65,3562.5,3681.21
2025-08-07,3681.2,3926.48,3646.09,3908.42
2025-08-08,3908.35,4070.81,3878.05,4009.27
2025-08-09,4009.19,4326.94,4005.69,4260.54
2025-08-10,4260.46,4332.99,4160.87,4249.6
2025-08-11,4249.7,4367.01,4164.85,4221.68
2025-08-12,4221.38,4639.77,4217.05,4589.46
2025-08-13,4589.45,4721.36,4563.33,4687.13
