total_return,sharpe_ratio,sortino_ratio,calmar_ratio,max_drawdown,win_rate,total_trades,profit_factor,expectancy,start_capital,end_capital,avg_hold_hours,ulcer_index,omega_0,omega_fees,trial_id,chart,method,refinement,param_fast_min_len,param_fast_max_len,param_slow_min_len,param_slow_max_len,param_dma_atr_len,param_atr_len,param_upper_outer_mult,param_lower_outer_mult,param_upper_inner_mult,param_lower_inner_mult,param_momentum_len,param_momentum_threshold,param_momentum_lookback,param_rsi_len,param_rsi_oversold,param_rsi_overbought,param_trailing_atr_mult,param_catastrophic_stop_atr_mult,param_dma_exit_bars,param_dma_exit_buffer_atr,param_roc_len,param_cooldown_bars,param_htf_tf,param_ranging_confirm_bar,param_enable_shorts,param_use_dma_fail_exit,param_use_directional_momentum,param_use_htf_filter,trial_uid
2.790984106747026,0.32020312534565826,0.5202954483904794,0.0025839065547712285,5.357382085819977,44.0,376,1.180155552519161,3.7213121424927706,50000.0,51395.49205337351,,0.026117564378293538,1.073599046815673,0.13887935881299088,19,XAUUSD_4h_cl_1.csv,sobol,True,11,22,32,52,16,16,1.9023966862008572,2.027521546557546,1.092814258217402,1.3448891727253796,12,0.66612868886441,78,13,32,66,1.2194464413205246,0.9773602372035382,3,0.2244297518115283,17,2,12H,False,True,True,True,True,20251225_211601:19
1.8415171622530615,0.2839317774843775,0.47349394533640055,0.002535626337913194,5.103642168612927,44.18604651162791,258,1.1504538398525466,3.5688317097926543,50000.0,50920.75858112653,,0.030676430888811307,1.063281995103875,0.15043998443958428,237,XAUUSD_4h_cl_5.csv,sobol,True,11,21,29,50,13,16,2.138315772463441,2.1898026831448085,1.0834254241656143,1.3284336281940343,16,0.6925164782442153,82,16,27,75,1.438607263447539,0.8798672981560228,1,0.17498148881828196,18,3,12H,True,True,True,True,True,20251225_211601:237
3.2407073949437843,0.32535383342259083,0.5346547275490449,0.0023361249810913594,6.87286411475096,39.257294429708224,378,1.1767767269315248,4.298020417868759,50000.0,51620.353697471895,,0.03115612707624626,1.0643109219219804,0.17631159579148578,5,XAUUSD_4h_cl_1.csv,sobol,True,8,21,28,52,12,16,2.140960511390925,1.8380968932062387,1.0274049013029414,1.3924370659515264,12,0.7443157264962793,61,12,28,73,1.331913428263561,0.86804818585515,2,0.27157136129213283,16,1,8H,False,True,True,True,True,20251225_211601:5
2.445760842244386,0.2739911711330543,0.4542296463107314,0.00198243287156147,6.124287847479312,45.5919395465995,398,1.1376547160039447,3.0803033279154945,50000.0,51222.880421122194,,0.03520076374470561,1.0562399620025533,0.15491449426660134,30,XAUUSD_4h_cl_1.csv,sobol,True,11,18,28,55,13,16,2.1049671286836866,2.1218891289085153,1.0214731310601908,1.2669583128765227,12,0.6586963001638652,91,16,27,74,1.587300943186329,0.6011402084492146,3,0.19733802044762083,16,6,8H,True,True,True,True,True,20251225_211601:30
0.9717370991213392,0.21917630847480413,0.3574125801887287,0.0019347994038410932,3.533904805522524,53.17460317460318,126,1.1623161989778652,3.856099599687685,50000.0,50485.86854956067,,0.016685292047506274,1.0774179380066635,0.07129425981791508,201,XAUUSD_4h_cl_5.csv,sobol,True,12,21,28,48,12,12,2.024276686285496,2.062210300192237,1.0682226802330095,1.2926867811009288,12,0.7482819602824748,80,14,33,69,1.1832442231232383,0.34830574775114653,2,0.26629695624111005,19,8,12H,True,True,True,True,True,20251225_211601:201
0.9439539326245867,0.1519984983023632,0.24643824956869848,0.0009871460640598583,6.728667810753268,43.45794392523364,214,1.0765979438049766,2.2054998425808563,50000.0,50471.97696631229,,0.03687095300858798,1.0301296044802828,0.16649846462843565,207,XAUUSD_4h_cl_5.csv,sobol,True,8,21,32,55,15,15,1.9692756826177837,2.106470074132085,1.1039765657033402,1.2157109463587403,12,0.6863448468968273,79,12,28,71,1.6681322859356267,0.81179026896134,2,0.22895783094687172,17,4,12H,False,True,True,True,True,20251225_211601:207
1.0899045272554273,0.11771444303592447,0.15871840091735748,0.0008135895590742952,3.0183764469191874,45.79831932773109,477,1.0887645803450148,1.1448576931275927,50000.0,50544.95226362771,,0.017565145337302808,1.046716016309431,0.03940102981550508,154,XAUUSD_4h_cl_6.csv,sobol,True,12,21,28,52,14,14,1.9047648908690216,2.0266115203499795,1.1923854730199652,1.28360382784158,13,0.7073333880864084,88,12,27,70,1.2690349114814856,0.6186338850297033,2,0.2755071571282835,15,10,1W,False,True,True,False,True,20251225_211601:154
0.9339026801989212,0.08570687147350142,0.11716577527655184,0.0005015248918590253,4.198164546527904,38.944365192582026,702,1.0480246462535483,0.6663070241515303,50000.0,50466.95134009946,,0.024458686578456852,1.0267665422206238,0.06313913707310616,165,XAUUSD_4h_cl_6.csv,sobol,True,9,19,28,50,13,12,1.8914794465646745,2.0986894033849244,1.1605635372098166,1.3008352672681214,16,0.7276706730015576,83,15,33,72,1.5388290524238806,0.8410749070346354,2,0.15709387363863891,18,10,1W,False,True,True,False,True,20251225_211601:165
0.6244412908918704,0.08714681035949622,0.13568766977838664,0.00044371345749607925,7.01756367209522,42.28395061728395,325,1.036116153092739,0.9636439675971857,50000.0,50312.22064544594,,0.03399127681968081,1.016576591477879,0.16283275530509186,85,XAUUSD_4h_cl_1.csv,sobol,True,8,21,31,54,16,12,2.2020473173007966,2.047810868546367,1.2110625726278503,1.357892454788089,14,0.711002957634628,91,12,34,67,1.4507787514234047,0.5909169270657002,2,0.22154335265045771,16,1,12H,True,True,True,False,True,20251225_211601:85
0.802467420146036,0.06972787351760679,0.10671374446079496,0.00025916361741811064,6.984302173929509,42.057761732851986,555,1.036219228366694,0.7242485734799438,50000.0,50401.233710073015,,0.03399003039148245,1.0207342437825153,0.07742928948935957,158,XAUUSD_4h_cl_6.csv,sobol,True,11,21,29,50,15,16,1.91298323777771,2.053986977413297,1.2076868930007894,1.4023882208392027,12,0.7494631879031659,69,13,35,70,1.7765757191682323,0.5248522787354886,2,0.25704590489154466,14,5,12H,False,True,True,True,True,20251225_211601:158
0.5191641990312674,0.050293509055028864,0.0739092966242837,0.00013153520567479204,8.91262997445613,42.44694132334582,802,1.0176606176637968,0.3240725332727088,50000.0,50259.58209951563,,0.053400708972257904,1.0119010476167807,0.0999295201984001,186,XAUUSD_4h_cl_6.csv,sobol,True,12,20,30,55,15,13,2.0182574311391117,2.008742245286703,1.145623122259565,1.3027616515755656,15,0.6859954250045122,85,14,28,74,1.6245021692233248,0.3846218502148986,3,0.26048310084266374,17,6,12H,True,True,True,True,True,20251225_211601:186
0.09401239861200364,0.031002336871568382,0.04880968139992806,8.600171301868154e-05,5.458211946278709,40.59701492537313,336,1.0078669724080882,0.1403170130318152,50000.0,50047.006199306,,0.025538849071925284,1.0087718891495807,0.08585962409616853,47,XAUUSD_4h_cl_1.csv,sobol,True,12,22,28,51,13,15,1.9908136358604434,2.190157941356302,1.2053780156295377,1.254279486462474,12,0.7304444627836347,92,13,33,66,1.4430615745240907,0.41819843463599676,1,0.1758363768644423,15,7,8H,False,True,True,False,True,20251225_211601:47
0.06692503236521039,0.03422307927113363,0.05324953650565207,3.552001450638366e-05,9.408431884162463,39.856801909307876,420,1.0027148317199048,0.07986280726047568,50000.0,50033.462516182604,,0.053216958124799374,1.0060141802860652,0.19134371814085788,64,XAUUSD_4h_cl_1.csv,sobol,True,10,18,31,50,14,16,2.005280547787309,2.0992524638772014,1.052511813036688,1.3603094659745696,16,0.6645901375450194,88,14,28,71,1.174868110263542,0.4570663839578628,1,0.26521439027970445,16,10,8H,False,True,True,True,True,20251225_211601:64
-0.05380219298835436,0.02363150679406651,0.038133496234527046,-7.159182548620282e-05,5.295831525501316,39.823008849557525,226,0.9966314454226858,-0.11903140041664528,50000.0,49973.09890350582,,0.028198376446875513,1.0041477178850349,0.2023187479290413,282,XAUUSD_4h_cl_5.csv,sobol,True,8,19,28,52,14,12,2.153130167175889,2.139085162058473,1.0655507591660696,1.3092441476881505,13,0.662699708994478,90,14,33,69,1.694770886258976,0.6353891011327504,2,0.2355303596425594,16,3,12H,True,True,True,True,True,20251225_211601:282
-0.20124627465171904,0.003553692143974995,0.005509111476661977,-0.0001518980861373079,6.620167528208761,39.14209115281501,374,0.9894431085172177,-0.26976712395521574,50000.0,49899.376862674144,,0.03865924796947867,1.0006950131783983,0.15233629249240513,12,XAUUSD_4h_cl_1.csv,sobol,True,8,19,32,55,15,15,1.9414170364037753,1.9621556948870422,1.0993807940851528,1.2141155811026694,12,0.736908894777298,68,15,32,70,1.8173548144044442,0.5791595325805245,1,0.1507273408304692,17,6,12H,True,True,True,True,True,20251225_211601:12
-0.2094829881921614,0.004271907926684791,0.006961817351602433,-0.0001646625606736092,8.967088569918404,37.5,272,0.9863652645016459,-0.3850790224120182,50000.0,49895.25850590392,,0.05149043307454592,1.000782668179853,0.1898470402453549,278,XAUUSD_4h_cl_5.csv,sobol,True,9,19,28,53,14,14,1.9418506113932135,2.00690850391984,1.1135336267869549,1.2097913142293693,12,0.6563012626022101,85,16,31,69,1.5569481905305844,0.8525435805320738,2,0.2647499899565966,18,4,8H,False,True,True,False,True,20251225_211601:278
-0.4865003613387542,-0.019478169639094038,-0.029939315992702675,-0.00027883035137254904,8.72463805484737,40.343347639484975,467,0.9752377698648302,-0.5219960957156751,50000.0,49756.749819330624,,0.04478189249946651,0.9966692123383637,0.18231483647160143,28,XAUUSD_4h_cl_1.csv,sobol,True,8,19,31,48,16,14,2.0401311537370685,2.18193307556212,1.0574509381424266,1.257054925337434,12,0.7091353819705547,86,12,35,70,1.4333615718165498,0.8186238777823744,2,0.15546599488703317,14,2,8H,False,True,True,True,True,20251225_211601:28
-0.8429951822464989,-0.04026560013983507,-0.05717765634223841,-0.0003142906541957728,6.088753341222237,41.05691056910569,739,0.9659503574689489,-0.5711349478081651,50000.0,49578.50240887675,,0.0342773994700758,0.9900398151850567,0.0832817720892556,114,XAUUSD_4h_cl_6.csv,sobol,True,11,22,28,55,15,16,1.8569545948997737,1.970708814263344,1.1362966549690443,1.247979560866952,15,0.6590228660963476,93,16,29,72,1.1908944361599245,0.33075832640752195,3,0.1574233047850222,17,3,2D,True,True,True,True,True,20251225_211601:114
-0.296140676898649,-0.017138726831209216,-0.029052053846510467,-0.0003553033761714288,5.875596666875178,43.50282485875706,177,0.9743009732841637,-0.8365555844597914,50000.0,49851.929661550676,,0.030398410623344425,0.99640041210084,0.14871163350923358,271,XAUUSD_4h_cl_5.csv,sobol,True,8,22,28,50,12,14,2.20201671590364,2.0286102220416073,1.1551134293075282,1.2242257183417677,14,0.6901967635378242,89,15,33,70,1.4039524243900638,0.8932102466002104,3,0.15300734813323028,14,9,12H,False,True,True,False,True,20251225_211601:271
-0.4929569677364129,-0.03788936609938756,-0.05844788965498577,-0.00037924949147240467,6.499730420930416,44.70588235294118,341,0.9693589219224708,-0.7249367170869476,50000.0,49753.52151613179,,0.03553770863057134,0.991565956040275,0.11985486474349612,55,XAUUSD_4h_cl_1.csv,sobol,True,11,21,32,54,14,14,2.1434970976904633,2.141348206996918,1.113292837991901,1.2732385398820043,16,0.7107221907004715,77,12,30,74,1.4776384119631807,0.6377228084020315,1,0.19404899349434085,18,9,12H,False,True,True,True,True,20251225_211601:55
-0.7122984568970863,-0.06906675000869425,-0.10515316875541952,-0.0004553962165035646,7.8257042179452565,42.44186046511628,345,0.9497930375332055,-1.035317524389125,50000.0,49643.85077155146,,0.043602790746158866,0.9836827289057322,0.10846512468465214,34,XAUUSD_4h_cl_1.csv,sobol,True,12,18,32,48,16,14,2.1915623875454666,2.109656689688564,1.133713771692999,1.3825986802577974,12,0.7503497682511807,75,16,27,74,1.7123184503743514,0.8048653592355548,1,0.2990319098066331,18,1,12H,True,True,True,False,True,20251225_211601:34
-1.3145505719228618,-0.10488011237632504,-0.1434676744881213,-0.0005050162681638141,5.919783640239722,42.90220820189275,635,0.9235854100611282,-1.0367118101303046,50000.0,49342.724714038566,,0.03296565206833628,0.9647897703413865,0.04708755810715971,135,XAUUSD_4h_cl_6.csv,sobol,True,12,18,29,50,12,13,1.8827654386059047,2.1764404386281972,1.0422288491498308,1.3747152693569662,15,0.730760254058987,86,14,29,68,1.5735315022746188,0.7713509809225796,3,0.17624348590148398,15,5,1W,True,True,True,True,True,20251225_211601:135
-0.7793402905199929,-0.07539304421988646,-0.1135818445608088,-0.0005073036705245892,7.687466765481532,45.36423841059602,303,0.9451136255216704,-1.2902984940342428,50000.0,49610.329854740005,,0.03899740053724478,0.982032152700351,0.10981636135636796,68,XAUUSD_4h_cl_1.csv,sobol,True,9,19,32,48,15,16,2.159475197468758,2.2043643891811375,1.032807581789382,1.2670855833217503,13,0.7459918633103372,93,15,33,66,1.7309743105189963,0.7642140747047959,3,0.26685448523608757,14,8,12H,False,True,True,True,True,20251225_211601:68
-1.35105173628065,-0.07947291625176789,-0.10983280160086774,-0.0005265630105082143,5.836030076036682,42.71708683473389,715,0.9454513886138027,-0.9461146636810369,50000.0,49324.47413185967,,0.03254648714979413,0.9782824424815248,0.07330916908679963,163,XAUUSD_4h_cl_6.csv,sobol,True,11,20,28,51,16,14,2.139298987586856,1.9346224915236236,1.0671371624912696,1.3036727195605637,16,0.7346802383661271,89,12,34,69,1.674064082534806,0.6502712470479308,1,0.19508232122285077,18,2,2D,False,True,True,False,True,20251225_211601:163
-0.49872352746204657,-0.050447855507389464,-0.0720396344020443,-0.0006090725967317346,4.094571224325665,51.48936170212765,236,0.9558469876660812,-1.061113888077493,50000.0,49750.63823626898,,0.016020569137775262,0.9863369185545526,0.08529265895303989,82,XAUUSD_4h_cl_1.csv,sobol,True,12,19,32,52,12,16,1.9712220629796984,2.1778420206159357,1.1627219370673973,1.4067259162664416,16,0.6998450035229326,56,12,31,69,1.7256065738143487,0.37849751906469464,3,0.2536838172189684,18,9,2D,True,True,True,True,True,20251225_211601:82
-0.9379380958296442,-0.0824757661862874,-0.13179056113229012,-0.0006519135032196353,7.202476265873052,43.956043956043956,365,0.9436139131154021,-1.2883765051727103,50000.0,49531.03095208518,,0.03548377623446639,0.9808969304345042,0.12205515544813048,98,XAUUSD_4h_cl_1.csv,sobol,True,12,19,30,53,13,16,1.8511692127332688,2.030162174627185,1.0638709665383774,1.36125421859324,14,0.7268184986896814,86,13,32,68,1.4632954569289547,0.9944184286519883,1,0.20351652956565627,14,7,12H,True,True,True,True,True,20251225_211601:98
-1.1276235871097389,-0.07415096629024322,-0.1166482222118608,-0.0006960674083107222,8.113687625369982,38.80597014925373,403,0.9501465782163918,-1.4025168992355148,50000.0,49436.18820644513,,0.04089866429986189,0.9865232608477854,0.18073622032727632,77,XAUUSD_4h_cl_1.csv,sobol,True,8,20,29,51,13,16,1.9603887142733336,2.0958275444805627,1.1064802519153434,1.3391562016680838,13,0.7284058952704073,76,14,27,74,1.420382133940057,0.46453220173716536,2,0.1647458361182154,19,4,8H,True,True,True,True,True,20251225_211601:77
-4.681182089032622,-0.183354121959356,-0.26791669093208004,-0.0007668677247320547,14.06903666695637,35.264735264735265,1002,0.9048436868909876,-2.338252792072492,50000.0,47659.40895548369,,0.07733754354185421,0.9666678519307155,0.16351482903417508,197,XAUUSD_4h_cl_6.csv,sobol,True,9,18,30,52,14,15,2.039025274862409,1.9800586678087713,1.0809451305415112,1.307257914543152,14,0.6669151338748635,92,12,29,72,1.6388004132302565,0.8075288679450748,1,0.22969636546445796,18,3,12H,True,True,True,False,True,20251225_211601:197
-1.3806335486933414,-0.13625772346004045,-0.20737616731637087,-0.0008369261055534301,8.267503144257985,36.91860465116279,345,0.9237724404132966,-2.0067348088599317,50000.0,49309.68322565333,,0.0456844128887296,0.9729976455182724,0.13364605641946403,40,XAUUSD_4h_cl_1.csv,sobol,True,9,18,29,55,13,12,2.1532734556243422,2.044192920997739,1.1445941277887304,1.3414266934618355,12,0.6999160435982049,80,12,35,70,1.2100879721099593,0.5875526926480232,2,0.2471257587615193,19,7,12H,False,True,True,False,True,20251225_211601:40
-2.8075650499966383,-0.22985282560846532,-0.3293578657963254,-0.000846262595941937,7.589427097205424,38.95348837209303,517,0.8383064070358015,-2.7205087700586468,50000.0,48596.21747500168,,0.04690401505245271,0.9227121462386835,0.04680894923294943,142,XAUUSD_4h_cl_6.csv,sobol,True,11,21,28,53,15,13,2.2238411689296966,1.8871857699006798,1.1172938146736102,1.3688112314790488,12,0.7081070104613901,91,15,32,70,1.4527952185588042,0.8039710037410257,1,0.2569235228188128,19,8,2D,True,True,True,True,True,20251225_211601:142
-3.290511154973297,-0.16163867408539798,-0.23975563318161916,-0.0008690812292291531,8.677986174530842,36.385836385836384,820,0.9091699733658403,-2.0088286771941775,50000.0,48354.74442251335,,0.0520297514937552,0.9650763026312702,0.11483268970632528,103,XAUUSD_4h_cl_6.csv,sobol,True,12,19,31,52,12,16,2.13524214682436,1.8952542558312417,1.1743252824168282,1.3808449549600483,16,0.6699795379303396,79,12,34,69,1.6478707077669066,0.7842890508472917,2,0.24924666846168947,15,9,12H,False,True,True,True,True,20251225_211601:103
-1.717829867335428,-0.17017905107572928,-0.25965590202374544,-0.0009111915241259766,9.456368293304601,44.44444444444444,343,0.9027962216928956,-2.5114471743744,50000.0,49141.085066332285,,0.054892862119216373,0.9660819967691284,0.13644628239435072,70,XAUUSD_4h_cl_1.csv,sobol,True,10,19,30,55,12,13,2.1977641219393016,2.138523318618536,1.0469227952058988,1.2522042982280255,14,0.6965346907265485,88,12,29,73,1.1832047887833872,0.6342731560580431,3,0.2335703034139962,15,4,12H,True,True,True,True,True,20251225_211601:70
-4.397131374088113,-0.23396806257437755,-0.339986623837932,-0.000929456176440626,10.89117198079778,43.95061728395061,811,0.873952213077302,-2.7142786279106517,50000.0,47801.43431295594,,0.054094731503612596,0.9444230854795901,0.10040474574918794,122,XAUUSD_4h_cl_6.csv,sobol,True,12,22,31,50,13,12,2.0507489888117316,1.9454745620489122,1.0257315057437497,1.2901206512004137,13,0.6935039662756026,78,15,31,70,1.1704308020638385,0.5878980633802711,3,0.19792855514211366,16,3,12H,True,True,True,False,True,20251225_211601:122
-0.7008310002129583,-0.07966458872443256,-0.12083580619893157,-0.0009419336425484612,5.2481559470409,40.50632911392405,158,0.9331475983919086,-2.2178196209271057,50000.0,49649.58449989352,,0.02870158850694619,0.9822639845677502,0.13247344956214485,274,XAUUSD_4h_cl_5.csv,sobol,True,8,20,30,49,16,15,1.8693466039494278,2.204111465439201,1.1819720788966495,1.4067656999453904,14,0.6845137658528984,83,12,27,75,1.7395662988292142,0.34349922137334943,2,0.2985651256702633,19,5,2D,True,True,True,False,True,20251225_211601:274
-3.9770769933347507,-0.23701161527214978,-0.3435167543798392,-0.0009475806420705846,9.646099857364579,38.794435857805254,648,0.8557976949668894,-3.0734752658660227,50000.0,48011.461503332626,,0.052887764216990506,0.9431349474961482,0.09013112711858172,139,XAUUSD_4h_cl_6.csv,sobol,True,11,19,31,54,14,14,1.9455048805222512,2.0093928288668397,1.1808276995192843,1.232828181050718,12,0.7193429062142969,77,14,27,71,1.7356289420964284,0.4043774074874818,2,0.16029475593937345,16,4,12H,False,True,True,True,True,20251225_211601:139
-1.6429289593942915,-0.1275975484519341,-0.19328764000348395,-0.0009601185372053781,8.581542822299113,39.64194373401534,392,0.9236444691202199,-2.100932172886342,50000.0,49178.53552030285,,0.05172702824564447,0.9775769823487903,0.1773677520655049,20,XAUUSD_4h_cl_1.csv,sobol,True,8,20,28,50,13,12,2.195263576333285,2.0062660433351995,1.1914751236434657,1.2829312156885864,16,0.7042563278228046,63,16,31,71,1.786960367834018,0.35570447649806736,1,0.20751023597081908,14,9,8H,True,True,True,False,True,20251225_211601:20
-2.585045126962841,-0.20732848587396618,-0.2742280002988272,-0.0010205686216177372,5.7893279163409295,41.11111111111111,631,0.8534118779453304,-2.0515833234554552,50000.0,48707.47743651858,,0.0353049885215118,0.935752542611508,0.05118233882569723,126,XAUUSD_4h_cl_6.csv,sobol,True,11,22,32,52,16,13,2.0651928970710043,1.92281350530684,1.040068761735745,1.396310415118933,14,0.66329489890486,60,16,30,69,1.7018890646042388,0.5118072929792106,3,0.18477550183420785,15,8,1W,True,True,True,True,True,20251225_211601:126
-1.6850700643159437,-0.19878004838263788,-0.3077322125633937,-0.0010565184929418735,7.99942351076129,47.44027303754266,294,0.865222654785623,-2.8755461847439463,50000.0,49157.464967842025,,0.04868972459811656,0.9477091475240704,0.09134835850937423,50,XAUUSD_4h_cl_1.csv,sobol,True,12,20,31,55,15,13,1.8900834737465382,1.8336264465004206,1.1729364263932782,1.3895514046773316,12,0.7218748250044883,59,14,29,74,1.3198186621757309,0.5657399737276136,3,0.29428568270055366,14,7,8H,False,True,True,False,True,20251225_211601:50
-1.8213398768019435,-0.168822375434854,-0.2552444321567532,-0.0010660486097879072,8.571995150473787,38.30409356725146,343,0.9090145186451701,-2.662777597555422,50000.0,49089.33006159903,,0.044785905685162455,0.9674192023223542,0.14666355208974394,6,XAUUSD_4h_cl_1.csv,sobol,True,10,19,32,50,15,12,1.8574686033771037,2.1715288870036606,1.1260552405487376,1.2355450298637152,16,0.6823707893490791,77,15,34,67,1.6396503784449858,0.4650142721831798,2,0.1790659068338365,19,9,12H,True,True,True,False,True,20251225_211601:6
-4.1844619498897115,-0.18448037153814842,-0.2678702363073271,-0.0010686651675801836,9.006624820270355,37.160751565762006,959,0.9070936604345701,-2.183957176713953,50000.0,47907.769025055146,,0.05005724220562747,0.9650396849247506,0.14252526464902848,167,XAUUSD_4h_cl_6.csv,sobol,True,12,18,30,49,16,14,1.9404031830028297,1.8570113219320774,1.0949970104839282,1.3680926600471142,14,0.6626450437121093,86,16,30,75,1.1414169615821996,0.8877608503215013,3,0.19108436519278,18,1,12H,False,True,True,False,True,20251225_211601:167
-2.1699880931067055,-0.18248790692136027,-0.28088501513878467,-0.0010741049848647082,10.145262492213462,40.67796610169492,414,0.9056221580306872,-2.6271042288517954,50000.0,48915.00595344665,,0.05698262174731966,0.965962666712243,0.16559776788426905,91,XAUUSD_4h_cl_1.csv,sobol,True,10,22,32,51,15,15,2.098593192000747,1.882187183946371,1.0410343957241255,1.3918218957260253,14,0.6566661728546024,63,12,33,70,1.3058869823569517,0.3551346203312278,1,0.19260651070622511,14,4,12H,True,True,True,True,True,20251225_211601:91
-1.00547320557262,-0.15677340971525672,-0.24740763614674424,-0.0011163559123737066,6.3559160812943425,45.50898203592814,167,0.8835373685680302,-3.0103988190794766,50000.0,49497.26339721369,,0.033789564184268164,0.9558188502828069,0.09113744880809198,285,XAUUSD_4h_cl_5.csv,sobol,True,11,22,28,54,16,15,1.8372661816076041,2.038261938467622,1.1091476072664934,1.3345012472942472,12,0.7272437752224505,63,13,30,66,1.424636217741118,0.4120470101013779,3,0.2236947600450159,18,10,8H,True,True,True,False,True,20251225_211601:285
-1.9245405751231797,-0.19432626155196467,-0.29151554986789097,-0.001134984162574613,8.509792613879386,42.00542005420054,370,0.8952275112667818,-2.6077785569852914,50000.0,49037.72971243841,,0.0499240250481068,0.9618891536464163,0.13594282334533678,83,XAUUSD_4h_cl_1.csv,sobol,True,11,21,30,49,14,15,2.1371988499656918,2.1077942777425056,1.1750829807590324,1.3489454204216602,15,0.6615412107668818,87,16,28,71,1.648548280982123,0.8109639060683547,3,0.16993024691005953,14,7,12H,False,True,True,False,True,20251225_211601:83
-2.9017966668152875,-0.18787711774354773,-0.26884061391387454,-0.0011464075603095758,5.792609589380733,42.09621993127148,583,0.8607647045782859,-2.4929524635077964,50000.0,48549.10166659236,,0.03729110366647249,0.9479405483110991,0.07113948360027542,129,XAUUSD_4h_cl_6.csv,sobol,True,8,20,32,54,13,15,1.839886798907876,1.9022033881396057,1.1093170941914994,1.3647190850228073,12,0.7444709077477456,89,16,35,66,1.4604567953141492,0.3888779113069176,2,0.22446595115585039,17,4,2D,True,True,True,False,True,20251225_211601:129
-5.376535418496039,-0.2735368350236438,-0.4001677639434446,-0.001147916131318224,10.825272332373723,38.46153846153847,885,0.8657120264098728,-3.041022095513277,50000.0,47311.73229075198,,0.06631208098769727,0.9411808618136913,0.1147159593162452,175,XAUUSD_4h_cl_6.csv,sobol,True,12,19,30,51,12,15,1.8386681968466043,2.051749446988106,1.1195511392425377,1.3332604072988035,14,0.6575112725608051,60,13,34,67,1.4960033097991805,0.5268337322399019,1,0.1615359002444685,19,7,12H,True,True,True,True,True,20251225_211601:175
-7.438968893506019,-0.3706835832991681,-0.5337832979443733,-0.0011514428910736902,15.058067911144136,35.37787513691128,914,0.8211843353449354,-4.073888965920556,50000.0,46280.515553246994,,0.08709049808597422,0.9285865173007629,0.12961452389105893,128,XAUUSD_4h_cl_6.csv,sobol,True,8,20,31,55,14,15,2.2162987245366574,2.1840594816952947,1.16862282986898,1.266346337273717,16,0.7271737761795521,72,15,34,67,1.3989593585709195,0.4268368452787399,1,0.21875433471983086,15,3,12H,True,True,True,True,True,20251225_211601:128
-1.2109506352412136,-0.15820708934749875,-0.25243308528911634,-0.00117273210429955,7.289047808204605,41.81818181818181,220,0.9090368606364542,-2.752160534638964,50000.0,49394.52468237939,,0.04047119727097168,0.9634986370534107,0.12500615381961344,232,XAUUSD_4h_cl_5.csv,sobol,True,12,19,32,52,15,16,1.8738715192422868,1.937823747843504,1.1122582501839477,1.341002180054784,12,0.7107759593985976,70,15,28,73,1.2733951255435207,0.5519347655586897,1,0.17859304246490604,17,10,12H,True,True,True,True,True,20251225_211601:232
-1.8893335977974772,-0.20596745558661336,-0.3083402999623175,-0.0011850689820250583,8.000329927219846,40.303030303030305,331,0.8596191306646456,-2.8626266632291433,50000.0,49055.33320110126,,0.04983448501279015,0.9494922634843354,0.10501369301131233,3,XAUUSD_4h_cl_1.csv,sobol,True,11,20,31,51,14,13,2.204237322707534,1.9034449782222511,1.0664116268153863,1.3268527440726758,12,0.693877426814288,57,15,35,67,1.5296830308379692,0.3882248433306813,2,0.22884852562097618,15,8,8H,True,True,True,True,True,20251225_211601:3
-5.207070839820814,-0.31926531453437657,-0.45586344531126,-0.0012091100954270415,9.946649696246295,41.66666666666667,745,0.8301568662384208,-3.4992116107672366,50000.0,47396.464580089596,,0.05669010168813021,0.9264070352409535,0.09002699978613478,130,XAUUSD_4h_cl_6.csv,sobol,True,12,21,29,48,14,14,2.152139072690964,2.138285265117884,1.2013723028000074,1.2112317955121399,16,0.6985266358591616,66,12,28,72,1.5138149788359265,1.014471216499805,2,0.15029699911361344,16,10,12H,False,True,True,True,True,20251225_211601:130
-7.909806272086349,-0.3832017527191277,-0.5577090277894993,-0.0012130288805410475,15.227775688874809,40.692124105011935,839,0.8234015396427515,-4.719892029907594,50000.0,46045.096863956824,,0.09157250395747177,0.9229317391600199,0.1281300657827427,177,XAUUSD_4h_cl_6.csv,sobol,True,8,20,30,52,16,14,1.9247038992241623,2.0697905417531732,1.1521102639954168,1.3945250550284984,15,0.7228766387328507,63,16,28,72,1.370287294102655,0.7393460331484674,2,0.20663599201475985,17,5,12H,False,True,True,True,True,20251225_211601:177
